Identificador Unico,Dia Referencia,Faturamento,Despesa
68A1494D-7D2A-6E77-B8B3-1725591E3A97,2021-11-13,"-R$ 3.992,74","R$ 7.462,25"
61BED8BD-54A3-A182-7183-D8DD99832272,2020-11-05,"-R$ 7.993,54","R$ 1.608,94"
8BFCB6C9-9660-BA46-68C5-D41A5803454C,2022-02-01,"R$ 6.051,34","R$ 6.860,44"
A10E154A-9096-42B5-13AF-E106B2BE21C0,2022-07-08,"R$ 5.986,79","R$ 1.870,75"
6854397E-E1C3-10DA-63F2-BF577B1E9ADE,2021-08-15,"-R$ 9.078,33","R$ 8.225,25"
48949BA6-8CE2-E309-97E7-823B78AD9B37,2021-02-10,"R$ 9.700,79","R$ 4.919,48"
ED4B9D7C-39D4-3A52-663B-8847CA510E40,2022-01-01,"-R$ 2.715,42","R$ 8.590,85"
89D2A87F-32C4-CE76-2A6D-57DC9DCA4A67,2021-09-26,"R$ 8.283,73","R$ 1.866,04"
743C9DBE-5A85-B725-A95A-B631DA8ABDB8,2022-09-16,"-R$ 454,45","R$ 1.878,73"
14D7E1A8-7E81-87B4-92C5-1850AD5D25A3,2022-06-02,"R$ 3.142,41","R$ 3.842,38"
51006C3B-A0E3-A6C9-3691-BF71D1B9D3CD,2022-07-09,"R$ 3.954,38","R$ 2.471,63"
871E359C-C3F5-E816-AC91-FEB2C4345C32,2022-05-21,"-R$ 1.617,25","R$ 7.531,41"
5D59C63A-18A5-5744-DD24-41747E7F85B4,2020-06-26,"-R$ 6.446,78","R$ 8.769,14"
62844A5A-CD88-1978-7E3D-8329489699AD,2020-10-16,"R$ 4.998,31","R$ 5.261,08"
B82CB132-6BC9-EDDD-3E48-34B3DD272E5A,2022-02-20,"-R$ 7.838,72","R$ 4.782,04"
41302E64-A4A7-BE55-692B-3E983A3C1B8D,2022-03-13,"R$ 2.718,08","R$ 9.871,64"
1856CCCE-16EC-6335-6BC8-C848A75E4ADD,2020-06-09,"-R$ 1.528,63","R$ 2.713,75"
7752D08F-326E-EB8E-EC3A-453B983AEF3E,2021-11-12,"R$ 3.035,09","R$ 7.430,89"
5E2CAD95-C87E-0E7D-8ECB-83ECE4B292BB,2022-12-23,"R$ 2.380,64","R$ 2.706,06"
8A9B2466-AF39-86CA-E6AB-39D447D2CCA6,2021-06-15,"R$ 8.091,97","R$ 8.724,59"
3412C7D4-A230-00AD-2D91-2B63303485EC,2020-07-24,"-R$ 6.190,73","R$ 4.048,01"
3CE1CC8F-680B-12A9-68FA-09D2BD736928,2022-03-26,"R$ 6.995,37","R$ 9.987,46"
B22C3528-33C7-A00D-E5D4-BD924A2B7392,2020-08-28,"-R$ 9.592,34","R$ 8.307,10"
60B820B8-CA50-62ED-921C-A75DA2F1471C,2022-08-20,"R$ 4.455,22","R$ 2.052,02"
F97A8E87-15D6-6E54-A28A-22967C6B63FE,2021-03-29,"R$ 1.986,96","R$ 2.777,64"
C564BD8C-11DA-B40C-EBD5-EA11EA5B7E03,2021-12-03,"R$ 2.210,67","R$ 2.611,37"
475AE8D7-2E69-4383-C5BF-18CFFC8075DC,2022-03-31,"R$ 6.752,88","R$ 9.956,88"
1FF922D5-8100-3A74-A2BB-C9F75C19D73C,2021-06-30,"R$ 6.039,67","R$ 1.475,92"
A35F6386-52F1-9829-C2AA-FAD0EE2381F6,2021-07-29,"-R$ 7.755,28","R$ 2.143,12"
EA26E26B-5ECD-D2C9-8C5E-DDD8314BDE2C,2022-10-30,"R$ 3.175,28","R$ 7.392,52"
B1796389-E28D-E48E-8269-A79432128D51,2022-11-23,"R$ 9.514,40","R$ 1.497,82"
147474ED-6E34-1B8A-455D-689E031057B9,2022-05-05,"R$ 1.022,98","R$ 1.065,34"
46C5E843-AAC7-72E5-892C-3F62F156D39A,2022-12-03,"-R$ 2.252,23","R$ 2.216,23"
FBCE516C-6BCE-6733-5182-5EA8926CEC33,2020-11-29,"R$ 5.471,13","R$ 4.262,92"
54E07346-8A3A-E356-1E85-05C55364BAEB,2021-03-07,"R$ 7.258,47","R$ 9.367,10"
5CF16E1D-8B70-63C3-794D-3EA92058ED14,2021-11-18,"R$ 2.739,72","R$ 1.445,14"
D485B45A-E7A2-A41E-434A-C0F62DDBE94B,2020-04-29,"-R$ 3.357,13","R$ 4.356,79"
894C1C9E-9AE7-761A-7DD3-27C818AE6528,2022-12-18,"-R$ 462,96","R$ 3.568,09"
414311A9-C6EC-37C7-BE7A-9446ED7C8C1C,2020-09-10,"R$ 4.761,35","R$ 6.513,14"
21161B52-84EF-958C-51F4-E6FF3B3DD2D2,2021-07-20,"R$ 6.167,48","R$ 3.735,38"
276CD5A2-6079-C98D-EEDA-5EE8774D48E5,2021-06-23,"R$ 4.356,83","R$ 1.716,38"
7238C2AF-BB97-3BE4-44E8-6540A641609F,2021-11-04,"R$ 6.278,01","R$ 6.823,94"
6173A8CD-15EF-8C96-3955-0A7E622E1960,2020-10-18,"R$ 708,87","R$ 1.501,57"
5B934C4C-2D70-2DA7-D68B-56E527A9595A,2021-10-13,"R$ 4.275,97","R$ 4.158,77"
466E9E8F-A3DC-E7E4-94DA-FB8B889D16AC,2022-08-13,"-R$ 1.594,18","R$ 5.276,07"
CD1C62E9-E94A-8038-D42E-09B62959DBA7,2020-10-03,"-R$ 2.593,23","R$ 4.784,37"
DE525EAC-8182-86FB-57E2-ADD924CA0260,2021-05-02,"-R$ 1.763,87","R$ 6.751,28"
9050DF84-4397-25ED-C57E-19C785C3954D,2021-01-08,"-R$ 7.898,56","R$ 4.435,92"
D29DAB23-6C3D-DAEF-F5E2-35E2632F2331,2021-08-30,"-R$ 7.768,93","R$ 6.238,84"
29BCBB87-9B18-DB77-431B-AC7B2BA5B789,2023-01-01,"R$ 4.963,99","R$ 3.484,95"
A8D3D201-5E35-11A6-D89E-DDFB775E6D8E,2021-04-12,"R$ 9.082,02","R$ 2.246,14"
9DBC4778-4901-B7BB-631A-85461B549B92,2021-01-02,"R$ 3.697,84","R$ 2.116,67"
90726EF7-5448-495C-6B24-8A49C2687807,2020-12-03,"-R$ 5.468,50","R$ 6.020,09"
D6C574D2-7663-C50D-6AE6-D6A990695C27,2022-08-16,"-R$ 1.715,56","R$ 9.957,66"
71D17567-A662-AD14-604E-C14363BE13E7,2021-07-23,"R$ 3.712,16","R$ 4.530,37"
94443C84-825A-F678-7B8E-B83B842E91D4,2022-09-14,"R$ 4.782,14","R$ 8.219,28"
6F63ACED-843E-CE46-BE65-3F3CDA4530BB,2022-09-19,"-R$ 7.170,18","R$ 7.191,07"
3FA2A5CC-477B-17EB-72B2-EA9A6ED244E4,2021-07-28,"R$ 92,95","R$ 6.720,23"
CD37DEED-6474-5752-8838-3A1763E288A4,2020-07-04,"R$ 8.272,26","R$ 8.395,57"
B94562EC-E320-6E09-E12B-E9D2907A4740,2020-07-10,"R$ 3.885,64","R$ 7.149,04"
7342AD9C-05A6-2311-4A72-FBEFAB5D19B8,2020-07-12,"R$ 8.814,14","R$ 1.701,63"
1DEAB816-CD96-7FA4-EC3E-674784B719BA,2021-11-07,"R$ 8.541,68","R$ 9.694,08"
1CE9AECF-446D-BE95-C124-F88DFBF4C398,2022-09-29,"-R$ 6.147,17","R$ 5.648,77"
096CA346-C96A-C775-6D8D-221399D6C95D,2020-08-27,"R$ 1.169,48","R$ 3.296,67"
183764C7-97F5-B253-350C-C5162A2E59E6,2021-12-14,"-R$ 9.250,12","R$ 8.205,02"
15FF1892-CCCA-2302-7A45-66E5D16AD7A3,2020-07-30,"R$ 8.980,30","R$ 4.137,79"
CD6E9339-6D14-679D-9E22-79B42B151098,2020-07-05,"R$ 69,12","R$ 5.948,94"
1E43C603-EC35-2BDF-3122-D1C7BAE19A82,2020-08-31,"-R$ 7.468,19","R$ 8.104,75"
43328E7E-19AB-3627-5CE7-36CEB34E0ED9,2021-12-14,"-R$ 1.700,02","R$ 3.323,17"
22E64E48-DD26-B6B1-8C25-CED675951B86,2022-11-22,"R$ 8.675,39","R$ 5.517,29"
B89876BF-AA9E-77DA-9D53-E4136DC991E4,2020-12-15,"-R$ 3.852,39","R$ 1.417,10"
DC5E0993-1867-96AB-F275-12365CBA6779,2021-04-20,"R$ 8.378,89","R$ 4.185,34"
BD2D5473-8592-4CE6-C645-61D125A533EE,2021-10-09,"R$ 4.950,76","R$ 3.324,63"
47B73EC4-2497-ED61-DB12-84208B98735A,2020-07-06,"R$ 9.234,03","R$ 5.864,62"
A1203CA6-5CFC-8937-5E17-DCC921A410D8,2021-04-01,"R$ 6.920,65","R$ 9.055,64"
6AF49287-B46D-15EC-92EB-DD1CEB593182,2021-09-19,"-R$ 5.748,04","R$ 2.965,18"
9B46207D-4D88-2138-16C8-89923B76A488,2022-03-21,"-R$ 4.729,91","R$ 6.085,10"
530A5AE4-8CAB-DE92-52F4-C476472DE8C8,2021-02-01,"-R$ 4.950,80","R$ 1.343,81"
84088C28-1BEB-60D6-9268-5D93D632A676,2022-08-05,"-R$ 7.520,31","R$ 6.362,32"
C8E8C0B7-5133-763C-4A34-312D71354D45,2021-04-08,"R$ 8.103,22","R$ 1.423,60"
A112C7A3-16DA-D631-36CD-62D2BE849077,2022-02-08,"-R$ 5.318,65","R$ 1.051,97"
C097FCE6-D895-2F7B-5D04-452C6CAA47D0,2020-11-09,"R$ 7.065,46","R$ 7.116,93"
9FA497C9-B279-CD88-B40B-8110224573E7,2022-08-10,"R$ 3.379,66","R$ 5.294,07"
88A7DC56-9C2C-BF70-EB55-D9593D859562,2022-06-27,"-R$ 2.945,31","R$ 8.412,78"
7CC8BCE6-65DD-D5CD-2E4A-515F538F1329,2021-10-14,"-R$ 4.826,61","R$ 6.993,40"
C1922902-EED3-C6C0-E867-E5DC68747F95,2022-05-04,"-R$ 746,55","R$ 2.819,63"
483834F4-E27F-32DB-B329-1E129D7B75A4,2022-05-04,"-R$ 628,23","R$ 6.484,23"
C229785E-34D8-A852-23D0-16055C6237A9,2020-12-24,"R$ 42,43","R$ 8.378,68"
FD7FE6C4-3965-1892-3E15-7015A165BF6C,2021-12-21,"-R$ 6.438,68","R$ 3.493,64"
1F47173C-46B0-8731-55BA-AA21A46D7866,2020-07-06,"R$ 9.275,62","R$ 9.713,72"
9ACB9691-AE33-9B92-A67E-5A201B8B65BC,2022-03-16,"R$ 3.649,57","R$ 8.037,88"
E576CDC4-551F-77F0-744B-BC982FDE956D,2021-06-05,"-R$ 5.259,20","R$ 4.888,46"
5E2B46AE-0C4E-5D55-C929-A4F33EE1C9C7,2021-02-27,"-R$ 762,00","R$ 8.807,56"
A81CDD26-EE69-76C1-BF1F-03B14B630E84,2021-03-23,"-R$ 5.281,71","R$ 5.303,26"
33C4E848-8383-C3D1-5A1C-9258B5CE9696,2021-05-12,"-R$ 2.567,11","R$ 1.706,75"
CB552E02-88C9-5149-473A-1DB66824C2C9,2022-11-27,"R$ 268,65","R$ 6.702,24"
79DA0708-0C1A-321D-735F-4F267D9CABB8,2020-10-18,"-R$ 5.846,34","R$ 3.770,94"
E6B5E75D-3A66-64C6-8795-8709F3E2DF9E,2020-05-18,"-R$ 6.403,00","R$ 5.033,39"
5C2FC763-609E-F3EB-2056-72C35F856593,2021-02-11,"R$ 457,16","R$ 5.441,94"
983C4597-5187-ADF9-4579-C2AEAD8CC93B,2020-12-17,"-R$ 6.124,97","R$ 5.026,89"
863EF3A7-B577-64E5-3174-78F4365FECEE,2020-07-02,"R$ 8.914,50","R$ 3.240,72"
A3C83D06-A8C8-84BE-91B3-D8DB9B94A35B,2020-07-03,"-R$ 399,32","R$ 8.221,16"
7D6C65BD-C602-7517-8725-7FC7E6AA3B41,2022-06-12,"-R$ 9.145,15","R$ 2.069,10"
1DA484D8-15D6-E1D5-59CA-6C8F3147A481,2021-10-21,"R$ 6.261,03","R$ 9.622,16"
2082A144-B512-94B8-60A8-EF0577688FC5,2020-06-19,"R$ 2.469,47","R$ 3.324,46"
8B3C3C71-EEB3-8552-183C-3E0A75191865,2021-12-19,"R$ 3.208,74","R$ 9.537,78"
7ECCB85B-652D-C135-4CA1-F58155439587,2022-04-04,"R$ 325,36","R$ 4.518,07"
E3141D98-549C-E4E9-534B-7B2E5A48CC36,2021-02-21,"R$ 4.034,87","R$ 2.591,54"
C33DEFBA-57EB-577C-291E-915D3BBF389D,2022-07-04,"-R$ 5.613,89","R$ 5.818,71"
90DD83B7-239C-3797-F505-86CECAA49BEB,2021-03-15,"-R$ 4.701,33","R$ 5.023,84"
6D480605-68CB-4671-2B1B-D5414BE62A8E,2022-07-12,"-R$ 3.241,46","R$ 8.623,88"
B3454E9B-D277-977D-D5DF-28DC95B16A41,2022-06-13,"R$ 8.248,03","R$ 9.866,91"
6317AAF6-FCD4-8CF8-2766-865C0EBB5EAD,2022-07-26,"R$ 8.380,25","R$ 1.834,70"
11F9960E-A66B-B620-932A-787973DD4CEC,2022-11-19,"-R$ 3.074,15","R$ 1.460,70"
696547D7-4B92-A67A-D7CC-59943C2A4949,2020-09-22,"R$ 590,55","R$ 2.506,00"
C21EE8DB-C250-3158-AA75-4AD76438B365,2022-06-08,"R$ 2.262,54","R$ 9.353,30"
4AE9CE4F-9B95-1D73-6193-12FACC9F71F2,2020-08-18,"R$ 3.627,18","R$ 8.756,90"
12A6843C-BC87-560B-35D6-5B98DF66DCEA,2020-08-06,"R$ 221,16","R$ 7.957,75"
C16A1EE6-A162-F093-DBB1-89DC8E1110CA,2021-12-10,"-R$ 4.776,99","R$ 7.251,90"
D8242939-172B-5238-9FC6-82A51A5A4B9B,2020-05-18,"-R$ 1.498,79","R$ 3.921,75"
92616C61-A371-293C-79AE-AE6D7F103A23,2021-05-26,"R$ 3.199,94","R$ 2.251,75"
093E1521-5176-C151-646A-158C78B52D5D,2022-09-26,"-R$ 6.514,97","R$ 9.200,39"
BED34997-A2D2-77A9-CE6A-A3C6D53C85CF,2022-09-20,"-R$ 5.877,03","R$ 7.463,17"
DE815979-6739-8339-013C-47830864316C,2022-11-19,"-R$ 323,69","R$ 4.222,97"
7CECEE5A-8045-7D4C-EDB8-CD61BAE6495C,2021-03-05,"-R$ 1.392,46","R$ 3.413,75"
C91BB8AC-83F2-E88B-20D2-2151F70BD194,2022-02-22,"-R$ 6.318,09","R$ 5.380,47"
9673C70F-6711-66F5-9CC5-A2E3329A532C,2021-05-11,"R$ 3.271,04","R$ 3.606,53"
6B3F6D1D-40EC-F40E-3A8B-429D0B6B4B8F,2021-10-24,"R$ 5.153,52","R$ 3.052,66"
685F91AA-0DAB-0BA7-719A-B69A386AE122,2020-06-03,"-R$ 9.402,20","R$ 2.062,78"
E88AC8E7-BAA8-C172-E83D-5E70CE3D69A3,2020-11-02,"R$ 7.923,09","R$ 8.378,25"
0DB46E57-5964-EE1D-9493-57636E12917F,2022-08-12,"R$ 1.362,00","R$ 1.525,37"
F2F25176-AA92-C1CA-5DEB-E98D6E7C1A62,2022-02-20,"R$ 2.191,66","R$ 9.479,45"
C6C2CB43-BAD4-C3A6-7A3F-D51C037DBE84,2021-05-10,"R$ 6.012,01","R$ 4.484,29"
BB7ADD2A-8A19-7CCD-16AD-6D6148F3ACCD,2020-08-13,"-R$ 1.260,37","R$ 5.032,49"
E2421B1E-7D21-1C1B-8093-6C7B697D074A,2020-11-04,"-R$ 8.537,68","R$ 5.177,46"
7EEFDC0E-3FB9-7D8D-16C6-F5EC95102217,2020-04-09,"R$ 1.257,58","R$ 2.752,41"
429E58BF-4262-3255-3D8B-C2144C28CA95,2022-09-17,"R$ 1.757,06","R$ 1.087,16"
8B424B52-79CD-EE21-A4C8-56E436B9B8E4,2020-07-29,"-R$ 980,37","R$ 4.690,07"
2D7BB564-A975-E3C1-E343-694C4952B91A,2022-07-24,"R$ 3.769,44","R$ 5.385,38"
888B1663-148A-6BCE-6955-0A65D83A215C,2020-12-16,"-R$ 6.427,29","R$ 3.465,27"
7B351DB2-3C6D-A87D-A3FA-B2B1AFEBBA3B,2022-08-18,"-R$ 384,38","R$ 4.710,62"
A5E9CD4E-A29E-941A-1C17-59444BEF143E,2020-10-22,"R$ 1.764,56","R$ 4.961,10"
A1193D73-AB69-93B4-5069-9C952AF96A58,2020-11-13,"-R$ 4.045,46","R$ 7.998,61"
C6C93AAD-BE22-CC1B-DA80-85C2B640F776,2020-09-03,"R$ 2.584,80","R$ 4.474,56"
2916AC57-41BA-FDD1-471B-9598BBDCB168,2022-11-22,"-R$ 7.324,65","R$ 5.875,86"
4BDE38C9-A574-91E1-8595-C11B1041DBEB,2022-02-03,"-R$ 8.373,80","R$ 2.951,48"
02C0618C-E961-1A90-019A-0D4B91D88DA6,2021-01-17,"R$ 8.456,12","R$ 4.775,75"
801A8609-B8A9-1873-A6A8-E518BBDDDFC5,2020-06-04,"-R$ 3.085,99","R$ 4.029,78"
EAE15D0C-C47D-CAA2-2F61-D85A88424664,2021-12-24,"-R$ 6.196,71","R$ 9.944,23"
499D9F71-9C9D-8425-731A-710FC8BC5727,2021-03-03,"-R$ 1.393,16","R$ 1.412,59"
F615741B-B13B-EBD6-941B-D09777182E15,2020-12-22,"R$ 3.515,70","R$ 1.382,59"
2EBCBC66-D934-7A8B-99B4-9F9E847A3E49,2020-10-15,"-R$ 1.927,83","R$ 5.048,82"
C553C538-DE96-678B-BFD0-6CEFED6B77BB,2022-02-19,"-R$ 4.857,18","R$ 9.810,41"
EC9643D6-B413-43DA-356C-7284816038A2,2020-04-10,"R$ 1.745,10","R$ 7.484,28"
33CC3DE9-94A8-6A8D-0483-805547AEE30D,2020-10-29,"R$ 7.506,03","R$ 2.535,07"
66221AC4-2652-E934-23C3-957BB219B077,2022-07-11,"R$ 3.715,87","R$ 6.409,48"
26675CA2-4ADE-D529-3C15-3162C22341C0,2021-08-14,"-R$ 566,81","R$ 3.791,27"
57935ED8-BD1F-CD11-8347-74E58988E4CA,2021-10-03,"R$ 2.093,59","R$ 4.537,50"
B37E59EA-674D-4E88-ECB4-4BD7E80DD738,2021-02-26,"R$ 6.104,07","R$ 2.408,56"
51226484-675B-73CC-ED87-57685BE85936,2022-11-07,"R$ 3.547,83","R$ 8.226,47"
63AE04EA-9C14-3689-D53B-179431AABDE1,2022-01-14,"R$ 5.586,49","R$ 8.960,76"
E9281648-96BC-A563-A4AB-B6668E734BD2,2021-03-06,"-R$ 7.802,62","R$ 4.079,55"
C2E5A9F4-DA5B-C41C-F8BD-CEEE856804B6,2022-05-16,"-R$ 5.142,04","R$ 1.903,22"
31125494-0A38-69A9-5542-177A1701C63D,2021-01-06,"R$ 2.453,84","R$ 9.839,41"
D7E12BBC-0531-2E01-5EEE-3FEB721A77E3,2022-07-29,"R$ 1.515,02","R$ 6.151,43"
35ABD172-5CBD-CD45-69BA-A8709EBFA1A4,2021-05-08,"R$ 7.931,78","R$ 7.041,86"
CA67A8E3-A62D-3BF0-5794-DA635F8C002C,2022-05-04,"-R$ 7.861,46","R$ 3.502,14"
8EBE323F-356A-6E8D-8A49-57C8B2367933,2022-08-11,"-R$ 8.815,45","R$ 7.750,93"
1D3F2B6E-891D-9727-C207-9EC89EC7076E,2021-08-26,"-R$ 7.843,65","R$ 3.701,47"
535D9292-6E18-67B7-A958-E366641252C3,2021-08-05,"-R$ 1.071,94","R$ 3.167,12"
BB1C2087-F819-E410-B278-921751FA9448,2020-07-15,"R$ 5.092,13","R$ 7.735,15"
A28E3A6D-0697-B11A-7AF7-5923C8CE2907,2021-02-05,"-R$ 4.236,30","R$ 1.203,71"
D6390B97-7C8D-8C54-A41D-E4904976282A,2021-04-16,"-R$ 6.869,52","R$ 4.011,45"
FE53B8DE-3184-625F-5EEB-D68DFBC09C6B,2020-11-27,"R$ 6.609,09","R$ 4.765,20"
688DFD9D-80B9-AD1F-B0CB-DD2A2895A7AE,2020-04-07,"-R$ 5.989,53","R$ 8.742,98"
7DAAD76E-8FBC-C623-3E6A-74AAB444C444,2020-04-27,"R$ 9.858,20","R$ 4.501,05"
7A6D930E-3B6E-B4D7-70BF-A6C792A9734C,2020-06-13,"R$ 4.038,11","R$ 6.116,24"
24342DF9-91DD-E68D-2391-7C6439E81274,2022-05-22,"-R$ 4.552,71","R$ 9.478,65"
D1DC9E5D-9A97-484E-482A-F0D8296B4C0F,2021-08-19,"R$ 1.470,67","R$ 4.173,71"
FCA47127-799E-B359-C744-BFCB3A175CEB,2022-01-21,"-R$ 6.848,25","R$ 5.003,75"
791F0CE2-D1DB-5202-FA59-63EA4DF40B25,2020-07-03,"R$ 8.603,00","R$ 8.447,95"
344568EA-2919-B2E8-2D1B-696EF9785A28,2022-10-24,"R$ 4.085,11","R$ 9.345,11"
A33651CD-D58B-845D-7A89-840385297D6A,2023-01-07,"-R$ 2.936,21","R$ 1.943,64"
4F2BA63C-9DAB-319B-4E25-57257533515D,2020-11-12,"R$ 5.082,84","R$ 3.932,97"
9D1660AF-3A2E-3A73-8AB3-7B8A26379834,2020-11-13,"-R$ 6.569,97","R$ 5.870,92"
F077EB1C-E0B5-A65D-2453-D36187E22D92,2020-06-26,"R$ 7.475,52","R$ 3.368,52"
1DE51DC8-35B2-7C33-DDED-25D37F4DE735,2021-07-30,"-R$ 1.859,91","R$ 4.726,07"
6EA09CD6-BAF5-B275-E562-8C936F794219,2021-08-04,"R$ 6.714,57","R$ 2.154,18"
78A709E9-FBEB-0D7A-C4EF-36A3A65C9369,2021-10-02,"-R$ 8.133,22","R$ 3.294,09"
7C46B3B7-DEFE-93CB-78C4-DCA31CCD9DB7,2021-07-02,"-R$ 9.307,58","R$ 6.345,95"
58A8D8F9-27F4-7156-FB89-6868464885BA,2022-07-05,"-R$ 4.477,26","R$ 9.049,32"
56E95890-234A-D9F3-55CE-8E1D3B6CCD4B,2020-12-23,"R$ 6.549,05","R$ 9.176,58"
1F1E7453-D041-39BC-5136-B85E68E405FF,2020-12-16,"R$ 7.301,83","R$ 5.497,53"
A8EBB485-4571-3C82-52C0-DC3068239986,2020-08-05,"-R$ 4.205,05","R$ 2.308,46"
69E73F57-D0A1-658B-79D2-574B76E51396,2021-06-10,"R$ 8.321,95","R$ 1.620,93"
61C92C3C-10C6-CB5B-45C4-2EE232167A55,2020-07-28,"R$ 6.339,16","R$ 8.725,68"
B34758EF-9B43-7D30-C217-F4EA11638137,2020-08-13,"-R$ 1.023,88","R$ 9.789,62"
2244116F-DEC9-BA33-6BCB-B3231A945DA9,2020-04-07,"R$ 105,15","R$ 1.642,88"
7B946AE9-5A36-AD12-54D6-C955A4812869,2022-10-25,"R$ 655,88","R$ 2.129,14"
6EC4B7AE-3124-6F99-54D7-2E8CCA3CDC62,2021-11-07,"R$ 6.153,86","R$ 5.536,45"
A7BB2D66-DAF8-2BBC-57E9-A1C0E318BEBB,2021-03-04,"-R$ 4.845,78","R$ 7.742,58"
FC1EB25C-AA74-BD4B-3750-BD75DCE52206,2022-12-07,"-R$ 9.543,88","R$ 6.311,69"
954DB02B-41E3-3597-A140-890656046FC5,2020-07-26,"-R$ 7.960,73","R$ 5.746,58"
9448B74D-84F9-768D-46C8-ECFE52B77DF1,2021-01-08,"-R$ 1.274,33","R$ 6.921,77"
C8533B24-5D87-2805-2AD2-9AB63AEE1DCA,2022-05-15,"R$ 959,73","R$ 8.337,32"
42820740-F9D2-6B44-71AE-65D3FD955C96,2021-08-18,"R$ 2.793,84","R$ 5.340,90"
12A57664-7B15-3594-4070-202DA6E42504,2021-03-24,"R$ 881,03","R$ 8.101,10"
905114A6-5738-1021-1B84-159B874B7EBE,2020-08-18,"R$ 502,67","R$ 2.953,14"
4D0A4A91-4B3C-35EB-D1B2-A5AD783CB9CC,2020-10-03,"-R$ 1.751,28","R$ 6.734,87"
5D965538-8155-473E-8386-A4E4729D97B2,2022-11-08,"-R$ 0,42","R$ 5.846,25"
8B67947B-F34E-2A4C-F00C-8ACF705DE7A6,2021-10-02,"-R$ 3.807,41","R$ 5.347,31"
A97FA5E2-5F2A-8F4E-C6DA-5BBEA158A122,2022-12-12,"R$ 2.120,93","R$ 9.215,34"
874A0BDD-B7E1-7A4A-A811-9324D1C99B43,2020-12-27,"R$ 1.503,47","R$ 1.912,13"
0843914E-39A5-418C-22EA-C52F321C6AA4,2020-08-10,"R$ 4.408,01","R$ 2.724,59"
E4818996-AD89-E3C8-944A-855544AABAC1,2021-06-04,"-R$ 846,53","R$ 3.118,71"
CE7C339E-C357-A295-8E01-1A5F90E68D29,2022-12-15,"-R$ 5.512,88","R$ 4.930,32"
963CB231-629C-B0F1-BABC-0DE7A67BB2C0,2022-08-08,"-R$ 9.186,30","R$ 7.475,98"
706D9ECE-75D7-3B39-79A6-7475E955BDBD,2022-05-20,"-R$ 789,29","R$ 5.622,43"
13E18969-E7B8-5E40-DED6-D77728093D9E,2021-06-16,"-R$ 5.981,88","R$ 5.925,37"
27947097-A482-0326-1F15-CB3AAE6A2519,2022-02-03,"R$ 7.980,57","R$ 5.152,75"
87A80DB8-D699-8DB4-1948-FF978C5748FB,2021-09-04,"-R$ 7.081,98","R$ 2.727,29"
0CE30190-D251-AB78-9C82-611C9D67714F,2020-08-07,"R$ 1.375,75","R$ 4.782,25"
C117DE98-94E6-A6C3-0358-5186955A6C79,2021-09-20,"R$ 508,39","R$ 4.334,03"
A4EE3931-4AA9-5235-E064-35C499934ED7,2021-04-05,"-R$ 8.304,27","R$ 7.181,17"
9CE4A7A3-C63E-A4D5-8E63-75B7368D2D71,2021-08-06,"R$ 8.461,74","R$ 1.013,12"
F8AC4487-0B86-5DE4-15A6-79B0A3D2E781,2022-11-17,"R$ 6.833,43","R$ 9.952,02"
127832A9-2364-64C4-8BED-D71816C9A44A,2021-10-25,"-R$ 9.170,07","R$ 2.426,83"
B4D433CC-11BF-AE9B-5EA0-12D72E86A046,2022-01-20,"-R$ 438,71","R$ 1.454,10"
7E4F6467-D544-5122-75C6-F17EBEBBD641,2021-05-27,"-R$ 2.127,32","R$ 2.914,89"
1ECE7C79-C4E5-BAB5-7369-C84E091D8161,2020-11-22,"R$ 8.114,99","R$ 5.714,94"
58DC776C-77A3-BB8E-4E5D-B858C5595FF0,2021-07-19,"R$ 6.716,09","R$ 9.493,52"
3016EAA0-3DA4-CD91-AC91-488427337251,2022-09-12,"-R$ 4.774,82","R$ 6.322,45"
B84AFB89-B852-14BF-61DE-1CBE670B4BA3,2021-07-21,"-R$ 9.146,97","R$ 6.294,54"
0CE7A578-A5FF-45C8-5F7C-946185BE5229,2021-04-14,"R$ 7.263,22","R$ 3.081,60"
1FDA4AA2-1CF0-858A-F8EA-78C1831695C2,2022-05-16,"R$ 7.236,60","R$ 4.730,20"
C1997E1A-8BEA-EA8C-D25E-4899D8582145,2022-11-20,"R$ 6.375,31","R$ 7.881,24"
E5C8A208-4646-5AC8-11DD-49BFEDD466AB,2022-11-15,"R$ 303,57","R$ 7.527,70"
C188F603-AB1A-96A3-1A90-F1A5227BD516,2022-02-27,"R$ 2.499,07","R$ 4.446,27"
A64CB192-1F0F-539B-28F6-1E94E92E4CEE,2020-07-21,"-R$ 7.651,16","R$ 6.323,38"
F8488D3A-9E61-1C58-6BFC-1FBD59B52249,2020-05-06,"R$ 2.540,91","R$ 5.779,62"
53453946-7051-DF4B-E461-6EBC526E7142,2021-01-12,"R$ 1.350,94","R$ 1.333,03"
9A6C9D5A-9EBA-A7B8-6D38-27152D3ACE27,2022-07-11,"-R$ 8.380,84","R$ 6.547,57"
296B4AF6-9CBA-D799-125E-ADD62DCAA4EB,2021-10-08,"R$ 5.136,42","R$ 5.462,93"
4FACA3BC-855C-E8C3-3819-84803ADF25F4,2021-10-15,"R$ 6.991,21","R$ 8.018,89"
DDFB8B13-C125-D9DE-65A2-3A88C1CFB012,2021-10-20,"R$ 2.580,36","R$ 3.041,67"
C61BD2D6-9460-2827-E514-18185E7CA11E,2022-08-27,"-R$ 9.025,46","R$ 8.359,65"
E412EEC2-9A64-D2EE-1D54-C290D5AA0916,2022-09-10,"-R$ 2.960,75","R$ 1.657,74"
731D3C53-3996-9B60-1FF3-E527B9608CA3,2021-10-10,"R$ 1.607,96","R$ 2.675,66"
D5C44736-D31E-BBA1-47C8-3165D8BA7F7B,2020-10-22,"-R$ 9.092,76","R$ 6.353,30"
1E5D34A2-B269-0BE4-D511-4053C0C16752,2020-07-25,"R$ 1.035,21","R$ 8.365,30"
5211944D-7ABD-E357-DC3C-CF35E5EE139F,2020-04-19,"R$ 6.977,13","R$ 6.322,18"
9035CE8D-B2E0-EEB4-053C-F68D7B664A0E,2021-03-30,"-R$ 6.868,49","R$ 9.812,04"
4395669C-AC92-6845-23B9-676E48C7A76C,2021-07-18,"R$ 221,95","R$ 5.182,88"
522C5A64-2E78-5B9C-D3C1-3945693D7373,2020-10-26,"R$ 933,39","R$ 1.403,99"
7C59820A-5F48-8628-41E2-D7626411CAE4,2022-04-06,"R$ 7.762,96","R$ 8.184,97"
CCCEBC93-4A04-DEA5-993C-541AE4DC883C,2022-03-27,"-R$ 2.547,63","R$ 7.373,37"
9F9FFABE-3676-A947-55BA-56EE2497DD5F,2021-07-11,"R$ 6.995,62","R$ 2.513,96"
145BB484-6CBD-EC5D-D151-A9D224AD9B3A,2022-08-26,"-R$ 5.715,74","R$ 7.603,12"
4839DF1E-D545-6087-F166-2B43175C411D,2022-04-26,"R$ 4.674,59","R$ 6.415,83"
2861DCBD-9A72-518C-84B0-B8CAB191313D,2022-11-26,"-R$ 5.879,46","R$ 3.133,26"
65C893DC-980E-AC45-09F9-1CBD2B454F45,2022-10-01,"R$ 1.551,28","R$ 6.113,89"
4BAECC56-854B-4A97-82AD-2B19848999AA,2022-03-12,"-R$ 8.149,24","R$ 7.538,83"
E650E2E9-8947-9DC7-AA17-D6B7C09CC5E1,2020-10-28,"-R$ 9.508,86","R$ 9.797,43"
8EEA7955-1FB3-1932-8A07-654EE89B1FEE,2020-04-05,"R$ 3.596,93","R$ 6.264,33"
ADD7E86C-2218-DA68-8DB2-76C640413D91,2020-04-27,"-R$ 1.159,59","R$ 7.209,41"
47D94B8D-E6D5-285F-0620-BBD408B8D2E7,2022-10-11,"R$ 8.085,75","R$ 6.256,27"
F2A66843-6D1A-591D-D61C-1F150239BD8E,2021-01-22,"-R$ 6.867,01","R$ 1.119,90"
10EC41D8-3978-76EB-E856-79E78087D154,2022-11-03,"R$ 4.957,97","R$ 6.991,73"
6A494377-965A-1F48-AD35-CB5DFC345CA5,2021-05-08,"R$ 923,33","R$ 8.094,11"
3D692848-F4B6-E9FC-427E-036FCE42BBAC,2022-03-17,"-R$ 6.890,73","R$ 5.139,35"
0A472242-8CA5-5365-E921-D964325F618A,2020-07-01,"R$ 9.835,76","R$ 4.970,26"
81FEEBE7-14AF-C7FE-DDD8-3A1677A12999,2022-01-19,"R$ 8.763,90","R$ 8.546,08"
FBBC6367-1A2F-C94C-165E-5B7DA205BDAD,2023-01-12,"R$ 6.770,64","R$ 6.272,39"
99789D37-C628-EC99-5AA8-E7E1367ADA5D,2020-04-25,"-R$ 9.557,91","R$ 5.159,20"
27393671-986C-5223-CD15-D541AAE9812E,2021-07-07,"R$ 4.641,45","R$ 5.190,25"
68A96957-AE4D-BCD4-7299-4CC1DE438989,2022-08-18,"-R$ 4.093,18","R$ 8.241,82"
2A03E06C-96ED-4E57-6868-235C1811356B,2020-12-17,"R$ 2.563,26","R$ 5.590,79"
3AE6C30B-812B-C942-849B-8E5638746298,2022-03-13,"-R$ 6.243,41","R$ 5.601,12"
228A450E-3631-7CAD-A873-DA492372CAC2,2022-10-27,"R$ 3.151,34","R$ 2.936,46"
5A4D19E7-848C-7E5B-DC00-4BB5972D4495,2022-12-21,"-R$ 7.412,07","R$ 4.315,70"
B4BEEB7C-3565-A7DB-2ED5-2D30C8D2E289,2021-03-09,"-R$ 1.583,48","R$ 5.889,54"
9CF281F2-1161-F28A-CB6D-41BB87E42AD9,2022-12-14,"R$ 3.275,20","R$ 9.461,28"
282058C9-4A17-12D8-138D-D8D416AA521E,2022-10-08,"R$ 1.528,76","R$ 6.230,82"
ABC7533F-D432-44CB-6547-AD36F26861E6,2020-07-19,"R$ 6.101,63","R$ 3.611,40"
79C7E949-6723-65DE-D8DE-ECA4BB5C4D65,2022-12-04,"R$ 1.736,53","R$ 5.033,05"
B2741D28-1B4D-FBDE-AEA7-AA666FECF4A7,2022-05-06,"-R$ 3.342,22","R$ 3.761,08"
B8D8A6CF-5E6D-46AD-383A-7225CE6628E9,2022-03-17,"-R$ 720,14","R$ 9.508,92"
B14A4631-A487-A757-55A1-95328DCDBDB7,2022-08-10,"R$ 6.156,34","R$ 8.609,27"
F45D934D-1057-6DEF-DCA6-8FB93E2915EE,2021-04-08,"-R$ 2.892,16","R$ 7.054,93"
BC181ACB-3DAE-2BA1-2073-65E087B4CC09,2023-01-16,"-R$ 1.141,62","R$ 1.669,60"
CDC27527-91BF-4A71-E564-5491689696C4,2021-10-20,"-R$ 1.803,85","R$ 3.145,17"
AF13E34C-CB65-0747-F3E0-C85264694D17,2020-09-17,"-R$ 6.658,12","R$ 3.587,33"
A87B1109-D5A1-CE4C-1E3F-12E22F4ED445,2022-01-27,"R$ 9.278,92","R$ 4.511,23"
C7ECA199-5E13-727A-A932-FAE63E3D5151,2022-10-12,"-R$ 4.314,16","R$ 7.909,08"
17E54E41-C404-7A4C-3034-C6156C926B98,2022-12-09,"R$ 9.366,07","R$ 5.056,31"
DDBD3C94-E5CB-64EC-356D-AD3BCAD11EBD,2022-01-04,"-R$ 4.646,43","R$ 7.965,46"
B3CD8F66-A49A-53A5-1C5C-4E75ECD51EA4,2021-08-13,"-R$ 9.108,91","R$ 6.111,68"
6DE86D14-2D85-379A-2279-C3E39DCE339E,2021-04-20,"R$ 2.738,79","R$ 4.406,71"
4A5C3C73-8267-216A-8D5C-1992B68BC8E8,2022-10-10,"R$ 9.568,71","R$ 4.649,54"
E4296D14-2547-2477-D8B5-E9AE6AB7AE31,2021-09-23,"R$ 4.850,57","R$ 8.593,02"
C11168B0-65B1-072D-159F-D24B77646254,2021-06-01,"R$ 7.533,20","R$ 7.773,34"
58277374-6EA1-1B68-982C-CE478A92AEAD,2020-08-09,"-R$ 5.300,54","R$ 2.636,61"
9CE66E76-C92C-ECB2-0794-ED1C4A40EBA2,2020-04-18,"-R$ 8.179,46","R$ 4.683,07"
141E1E82-8235-9D9B-03C6-9E31E2C6E082,2020-08-29,"R$ 8.635,60","R$ 9.515,81"
126BFCAF-A21D-B58C-BC4B-BD858423C3EE,2021-12-30,"-R$ 1.320,73","R$ 1.133,48"
B92E6D9D-715F-BA86-B51E-DA3676E56E16,2021-05-25,"R$ 1.217,80","R$ 3.484,21"
9DE9C224-D5B9-C0BB-68E6-7DF146BECC84,2021-05-06,"-R$ 5.395,95","R$ 2.257,46"
9C6DD5BE-E25E-0A18-772A-999EB4B245BD,2022-02-20,"R$ 1.779,03","R$ 8.971,19"
8ADA853D-8D56-231B-7B33-952695B4DC11,2020-08-29,"R$ 112,84","R$ 6.356,06"
F5153484-5C3F-D71F-2129-7CE49A213EA1,2021-03-20,"R$ 569,87","R$ 4.619,56"
B3660DB2-D134-C382-E134-277C430C52BE,2020-08-07,"R$ 7.665,62","R$ 9.603,22"
19718E33-4DB4-43B4-B6F5-847CB77BDC4D,2021-09-03,"R$ 8.624,85","R$ 1.756,07"
3486DBE6-4FEA-561B-A862-72E77CA81B9D,2022-04-06,"R$ 1.052,97","R$ 9.626,32"
69A1F396-655B-3DB8-CAC7-BCC8B2D7DFEE,2022-03-07,"R$ 9.096,35","R$ 2.147,88"
B73D182A-F18D-415B-1DC7-1A1873C824E0,2023-01-11,"-R$ 1.669,55","R$ 5.889,82"
881B37EC-3884-7D6C-8D3D-3E2369EAC1D5,2022-05-05,"R$ 6.776,27","R$ 2.286,22"
44E7CA45-371A-A178-B1A7-A98C7A767D12,2020-08-10,"-R$ 4.969,79","R$ 1.452,32"
9733DB76-3C4B-0DA6-DB83-05D1AEBAB340,2022-12-15,"R$ 4.386,48","R$ 8.927,87"
134BFC92-D818-E13E-6E2B-2D5C115A4EFE,2023-01-05,"-R$ 7.128,07","R$ 2.008,94"
85420A5D-E567-2D8E-5A39-A54876906E65,2022-12-28,"-R$ 8.717,64","R$ 3.741,33"
B54E4C56-D6A6-86B6-9DCF-583A1419F82B,2021-06-16,"-R$ 5.145,21","R$ 6.365,89"
E91313D9-49C7-EDA5-ED07-2C64DB1E4325,2022-05-24,"R$ 677,01","R$ 1.366,14"
C23528A6-8617-067F-921B-44D59C131412,2022-02-01,"R$ 6.420,48","R$ 3.354,65"
C42C745E-EB7C-57B1-D845-D6B6493AE4AF,2021-07-10,"-R$ 3.414,94","R$ 9.248,37"
5CC61DC6-BC94-76FD-832A-BFBBA40D9EC7,2020-09-09,"-R$ 4.289,78","R$ 8.564,62"
4EAD4C8A-523D-A893-4CBB-81BB685E72BC,2022-07-11,"-R$ 2.612,87","R$ 6.016,38"
EE143A13-6A56-CC9B-5EA0-525FDD8F53EA,2022-11-06,"R$ 9.134,77","R$ 2.216,14"
01C5D755-1393-283D-6C9E-059621CAD0F9,2021-10-16,"-R$ 654,20","R$ 2.523,62"
26DFA252-78B5-153F-1026-696E7C8573E6,2021-12-22,"-R$ 8.770,42","R$ 9.061,70"
48A83422-B65E-95C6-D498-9C2317C5DC3B,2022-09-01,"R$ 9.024,16","R$ 7.907,08"
52440A28-9A32-E672-E96B-6D25555C46BA,2021-06-29,"R$ 2.916,10","R$ 7.211,53"
1F1AAB38-BE7A-1B30-685D-6F537F4ED524,2021-10-29,"R$ 242,75","R$ 3.871,78"
195C5172-161B-60BC-039D-241EA22926AD,2020-04-13,"R$ 8.816,51","R$ 1.746,70"
1CA6B3B8-376A-BCC1-5822-A93F11D734A3,2020-08-07,"R$ 6.651,70","R$ 6.959,18"
B72CB196-952C-E680-66EE-4843CBB11023,2021-07-01,"R$ 1.523,62","R$ 2.325,49"
84B4B2E6-D6BB-594F-B55F-77E3D0BAA67C,2022-11-09,"-R$ 3.159,06","R$ 8.955,66"
283BA545-CD96-3A3E-BBDC-5EE636A8DA03,2021-04-07,"-R$ 7.513,76","R$ 8.343,27"
86559D67-64B8-4BA9-8421-B4DB4E8CD63A,2021-01-31,"R$ 8.431,36","R$ 4.598,06"
27A86941-29A9-DFB5-8272-68C89BA9855B,2021-10-16,"R$ 8.687,73","R$ 5.469,26"
52D56D33-133B-C1B1-143E-D56BED0D9363,2020-07-19,"R$ 9.173,53","R$ 1.654,78"
A58087A9-E020-2DD6-D769-798118AC1B24,2021-08-28,"R$ 8.764,62","R$ 3.629,45"
0876DA18-061D-498A-4AA6-7960B0FE1ABD,2021-04-04,"R$ 4.133,70","R$ 5.908,64"
A1E17A5C-75B4-E631-1A3F-D9C27EDBADB8,2022-02-03,"R$ 6.771,70","R$ 8.643,88"
ED95A72B-898C-4222-0759-EAC58699546B,2022-02-15,"R$ 5.326,96","R$ 7.032,64"
8A2C91E7-B40F-2676-2271-6D0D05AE49CB,2022-05-04,"R$ 5.145,32","R$ 9.516,54"
DF05044A-58AA-90D5-1DD8-6597BBD9E2A1,2022-01-11,"R$ 4.816,68","R$ 6.751,12"
7818D666-07A1-4231-3E7D-987CA87C1138,2020-06-27,"R$ 6.489,45","R$ 8.320,71"
2B6995A1-BBEA-5FEB-11E4-E23386D36614,2021-03-29,"-R$ 3.161,63","R$ 2.709,86"
9EB84D65-7C52-C3AD-434D-548E212AB7E7,2021-09-20,"-R$ 6.711,46","R$ 4.867,29"
D746C759-D559-4574-DCA8-787D0AA991C4,2022-07-23,"R$ 9.561,25","R$ 4.904,66"
C99A2539-4E1C-BEE9-8C5D-E38C0DD023A6,2020-05-26,"-R$ 6.190,76","R$ 6.453,01"
E9C2B0A2-6BC8-76AC-E778-79E2DE4D0E5E,2020-10-30,"R$ 9.249,52","R$ 4.017,46"
601B660E-41A7-7494-B564-3E593A62D342,2021-07-04,"-R$ 6.843,00","R$ 8.040,73"
DA3D094A-B6ED-B7C2-1E65-910BBF0A38A6,2021-01-08,"R$ 8.497,77","R$ 4.069,24"
450A471B-02B9-9CD8-08D6-3EAD32A1B994,2022-05-24,"R$ 3.463,64","R$ 1.791,03"
10A53157-84E6-4C8A-8262-422CD3403BFC,2021-07-18,"R$ 8.427,13","R$ 9.845,46"
B5192661-A8CD-4CE7-116C-8C2F66374959,2021-10-21,"R$ 5.151,05","R$ 9.857,52"
0431F81A-944B-AC9A-B2BE-B32E03964019,2021-09-12,"R$ 6.013,48","R$ 4.311,93"
36230B2E-C3C9-4D5E-E234-281DC5299C7A,2021-09-04,"R$ 5.356,76","R$ 9.216,57"
27B2332E-805C-8D0C-7AC2-6E536ECC3C65,2022-11-20,"-R$ 9.820,19","R$ 3.402,45"
AC5CBBEA-E7A8-995C-CAA5-99BD83E96437,2020-12-26,"R$ 6.080,55","R$ 9.622,49"
18C99BD7-9794-3318-B35D-9F581458B193,2022-05-15,"-R$ 6.526,58","R$ 2.280,15"
1B076958-9B5A-22C1-5138-AE5F05B4AE40,2022-04-27,"-R$ 3.504,73","R$ 5.887,83"
5306C2AE-EF98-5C3D-F322-E99F5C645263,2022-02-22,"R$ 1.550,99","R$ 2.218,97"
28C2D6C8-DCCA-88CE-29CA-61E61F526853,2022-03-04,"R$ 3.879,73","R$ 1.320,57"
DDB193CD-B3D9-6BDD-4931-68C40A92E4C8,2020-10-23,"R$ 5.794,24","R$ 7.533,90"
F96A2DA8-A749-DF67-B4B0-1CDC23E4D423,2022-11-02,"-R$ 9.769,46","R$ 1.897,71"
1FBE5812-EB17-BF59-E7CB-0313C47D8A16,2022-04-18,"-R$ 6.415,84","R$ 1.169,78"
841E3A95-ABE9-87A5-1CCE-76ACDAB14877,2022-03-16,"-R$ 4.686,87","R$ 7.389,57"
93704111-B241-6CC7-DB5C-23D488E7D0C6,2022-06-22,"-R$ 8.161,14","R$ 6.107,66"
272130E9-3A61-A1D3-EDAB-4DAB9BECAC68,2020-08-02,"-R$ 3.175,19","R$ 2.460,81"
D35CAFCA-DD5E-A934-185A-FFDE253457E9,2021-07-20,"-R$ 9.205,04","R$ 2.891,43"
4E56F617-6C53-5D9A-843C-4D26FA4E585A,2021-03-27,"-R$ 8.382,79","R$ 6.875,31"
2D9C66EC-6D9C-AB59-CB2B-4137674F517A,2022-04-24,"-R$ 6.372,91","R$ 4.983,17"
DFAD7D30-0A79-6169-019A-6F1122DB6881,2021-06-03,"-R$ 5.211,81","R$ 7.084,06"
88266216-044B-6CD4-55B4-A3AEA291DD55,2021-09-21,"R$ 6.297,35","R$ 2.038,80"
BCB5FA4A-46FD-3BDB-27EE-8DC8D0881D6E,2021-06-06,"-R$ 6.067,90","R$ 7.302,78"
877EC3A0-A08D-E444-3229-6E1AA327BD69,2021-12-28,"R$ 2.236,90","R$ 6.546,85"
05254ECB-AB62-8CDB-CC86-E12DDADF0747,2022-01-21,"R$ 7.411,22","R$ 4.610,50"
2EDC99E4-B3E0-2849-ACFC-79213C96716C,2021-04-28,"R$ 6.727,25","R$ 5.588,94"
BBDE14B6-9A89-7A25-2658-5B36D5520783,2021-08-15,"R$ 6.848,49","R$ 4.057,33"
1AB793E2-C04E-2131-CACB-719187211B18,2021-06-18,"-R$ 2.372,12","R$ 9.682,85"
163D664A-6B8C-DB72-7147-98D9B8888ACC,2021-08-14,"R$ 4.856,98","R$ 9.061,27"
3E53F472-E547-641E-BDDD-A24692BBC7C6,2022-12-16,"-R$ 4.274,53","R$ 1.926,88"
D68CCBF4-F1B1-5C36-A512-4C2B06788FDE,2022-02-16,"R$ 2.166,47","R$ 2.237,84"
198E6227-1898-AA99-1411-E386E5B3F746,2020-12-16,"R$ 7.791,66","R$ 6.279,23"
04CA4DC4-9E54-B44F-27A9-9AD891F70B91,2020-12-22,"-R$ 8.911,18","R$ 1.933,64"
E515DC82-B2B7-9E0A-BBF8-E5DCC369792A,2021-02-15,"R$ 1.706,79","R$ 6.324,88"
E7531CD3-0963-EAD4-17E5-5DB2A5D459D6,2022-03-14,"R$ 622,88","R$ 9.410,54"
4495EA54-1445-3E56-7C27-A6142E619439,2022-09-20,"R$ 9.987,48","R$ 4.235,16"
48A8C747-11EB-6B58-6D5B-9B8AD6A49145,2022-03-20,"-R$ 4.995,89","R$ 5.615,49"
6E9761B7-495D-737A-14A5-B6EB2DCA7FC1,2022-10-21,"R$ 3.996,50","R$ 3.808,13"
0E4316DE-15B6-D12B-FF6E-4C9D0B3C6E19,2020-10-29,"-R$ 8.817,41","R$ 2.464,92"
A038FC5A-0E13-2299-55B4-1E316BB74D4F,2022-03-06,"R$ 8.375,27","R$ 3.004,33"
B413D3AA-F733-2708-1DC6-A9389DB275E5,2020-08-21,"-R$ 3.536,70","R$ 1.567,48"
19BF50B8-6B37-149B-9421-ED79B1A2B62C,2021-08-30,"-R$ 9.526,79","R$ 1.300,24"
02578AE4-A714-5EE7-B69E-4D8A686EEE9D,2022-06-02,"R$ 2.565,26","R$ 4.078,26"
12488AC8-635B-2733-A192-34FB85C1A2F3,2022-03-15,"R$ 3.168,10","R$ 6.542,97"
3817A4D0-6782-AA7C-68BC-A340B97B7A69,2022-07-07,"-R$ 3.691,77","R$ 7.391,05"
04E1E31A-A31E-06AD-B180-F927810BD99E,2020-08-27,"-R$ 3.115,98","R$ 7.034,73"
CDFA655C-2973-9456-3227-27A1B2BBD350,2022-08-26,"-R$ 3.630,35","R$ 7.418,62"
BCDD5183-35B9-5B78-976D-71B25A47EC16,2020-08-03,"-R$ 7.095,59","R$ 8.093,51"
D2F395E6-0278-8E36-26C5-BCADAB3DF082,2021-02-27,"-R$ 9.888,91","R$ 1.185,16"
82CC381C-3C18-EAB4-F7F6-38BE613DA8C6,2020-08-22,"-R$ 4.600,72","R$ 5.498,75"
A3E4BF68-4D3A-BAF1-A4D5-7C918A6DDA8C,2023-01-17,"-R$ 2.454,87","R$ 6.406,98"
4BF9A318-DCDD-9EE7-544D-EE7DBD7A43CD,2020-12-11,"R$ 6.454,22","R$ 6.101,31"
4256AEDB-66AE-BAA4-5C77-F6B9E2D98A14,2021-05-20,"-R$ 4.726,29","R$ 3.919,53"
1DCB518D-414E-0B6D-1907-24936D628594,2021-06-06,"-R$ 5.331,36","R$ 5.341,34"
6ECDF98B-15B1-9A75-C017-5A6D4FE5EA66,2020-09-20,"-R$ 5.352,07","R$ 1.160,54"
64174A7C-4323-A31B-A1BB-CABF691111A3,2020-08-08,"-R$ 4,50","R$ 2.801,06"
64F4EC7D-4E01-3E9A-6261-CA6ADE1C4663,2021-06-01,"-R$ 6.158,32","R$ 3.791,96"
5A58198F-4B42-EC78-1E61-942342D961BE,2021-04-08,"-R$ 5.325,29","R$ 2.533,74"
1302EE2D-CEE6-7E0F-5DBD-2E9FFBBA416B,2022-01-21,"-R$ 1.122,67","R$ 3.859,34"
9C9A3BBE-2239-10B1-09DA-500B361D7187,2020-12-18,"R$ 6.060,89","R$ 9.595,92"
009A917F-A3FE-0B5B-9C8A-9861D3192857,2021-01-09,"R$ 5.992,11","R$ 2.468,61"
5DE5A768-C447-4323-54BE-8E1A34734007,2021-06-27,"-R$ 5.446,77","R$ 8.654,82"
0C1A8EFA-952F-C49B-BA9A-DC9DBFE61C39,2020-08-09,"R$ 3.957,77","R$ 6.063,27"
DD9F23A7-728D-831C-D49E-5C2F9AFE4FE9,2021-10-12,"-R$ 7.117,87","R$ 8.454,58"
AB4712CB-184B-5822-C6AE-7D776E26D4CC,2022-06-29,"-R$ 4.399,64","R$ 2.860,07"
87ECBAD9-B462-F4EC-0BD1-4B335BF96B7D,2020-08-24,"-R$ 303,60","R$ 7.398,53"
83ED9DBC-6A37-9BBA-1EA4-E7EE4EF23986,2021-08-07,"-R$ 5.159,21","R$ 8.526,12"
828928AD-CA49-72CB-E8B4-A44531EB3BE2,2021-11-30,"R$ 9.461,79","R$ 6.437,58"
CB4B8EA7-550C-531E-DE93-9CCA668A1AE6,2021-03-02,"-R$ 7.277,76","R$ 7.362,44"
940E576A-8E3C-5817-7E77-9FCA497F6F5B,2021-01-28,"R$ 6.929,07","R$ 3.128,50"
A12D39B2-590E-E2CA-90E1-D8C04937FCC6,2022-12-30,"-R$ 9.247,30","R$ 9.478,64"
2101626B-E95D-E44E-1BBC-9C22A675429B,2022-12-03,"R$ 8.349,90","R$ 4.916,85"
1056BB29-C4D1-E529-1E65-D0332734CECF,2022-10-27,"-R$ 8.475,04","R$ 6.416,32"
CF5E626B-41BC-5221-17F0-9740F7BB481E,2020-04-28,"-R$ 1.268,68","R$ 3.976,65"
AF1D0F00-B189-6CA6-19B8-74F8BF85B3FB,2022-11-11,"-R$ 3.203,96","R$ 8.429,42"
CD8E74C5-4ABE-7D0F-2CDE-6D459D2F91B2,2022-01-16,"R$ 6.347,22","R$ 2.380,62"
5A274CA7-4A6D-5733-7CEB-1154D8ABB856,2022-05-08,"R$ 8.620,28","R$ 3.930,63"
708BA212-2C7F-E44C-54BD-BE921EBA66A2,2021-05-30,"R$ 7.712,48","R$ 4.160,12"
3A4B1E1C-3C91-015D-6904-8765AE71BD69,2022-10-02,"R$ 3.058,00","R$ 6.628,53"
1DE6AA63-B352-FC18-A5D3-2098DA1A3731,2021-07-21,"-R$ 3.071,85","R$ 2.890,33"
0E14842D-E455-66C7-756B-961187AB7724,2021-12-25,"R$ 3.639,43","R$ 8.232,72"
1B137E0D-A47F-6652-26CF-D4C63C45403B,2021-08-12,"-R$ 449,81","R$ 4.711,03"
E635128E-5231-8730-C8D9-BA7DD73A7496,2021-09-30,"-R$ 1.831,27","R$ 1.726,09"
CC965BA3-9512-6E9D-936A-E5BE84261542,2022-09-29,"-R$ 5.615,72","R$ 5.088,77"
3239E6BE-91C8-0CA2-7516-D8C04DA339E7,2020-11-14,"R$ 1.093,56","R$ 2.739,35"
E4109418-1634-72C6-3453-E7C4263315A1,2020-12-10,"R$ 9.668,75","R$ 2.790,62"
BB35E35C-E59D-3425-55E2-3B27E8EE07F6,2022-10-21,"R$ 9.537,72","R$ 6.076,92"
1649BEB4-5D63-D18F-D33B-4B96C85E4BDC,2020-10-29,"R$ 7.712,01","R$ 6.626,70"
4BAEB4E8-4496-C092-8A56-2830E88E3AC2,2022-02-05,"-R$ 5.712,94","R$ 1.746,55"
3E4BF88B-E548-D1B4-83E5-F168122BDADE,2020-06-20,"R$ 3.264,65","R$ 4.242,00"
8AA6A144-95FB-731D-7BB6-7272B25AD5C4,2020-10-28,"R$ 7.809,86","R$ 6.770,45"
2137A6A4-97FF-6874-6ACE-49E5980E56A4,2020-04-14,"-R$ 275,16","R$ 7.269,64"
3239D2C1-D19E-1BA6-7E56-6E3DE26FCFED,2021-12-04,"R$ 8.826,45","R$ 4.265,23"
7D7478CE-78F1-9A11-4647-737A7D266558,2021-12-26,"R$ 5.632,11","R$ 1.961,26"
94BF5FBC-E55C-2091-6E37-D0018642DA64,2021-08-29,"-R$ 7.654,98","R$ 9.478,81"
63E15A3A-41E0-CA74-413B-CF22346D1CBE,2021-10-17,"R$ 4.582,73","R$ 9.461,07"
49E8D628-4582-BA28-249C-5A57BA528449,2021-02-12,"R$ 4.427,18","R$ 1.251,59"
091BC4C1-E504-BED3-9CDA-93F2F9F93443,2021-11-02,"-R$ 1.565,20","R$ 5.156,28"
AAE3A1AA-F772-35CF-987F-DB8AB1133C22,2022-08-12,"-R$ 1.685,02","R$ 1.013,46"
9D25E5A1-6EF5-BE2D-7EDE-C827AD6E2DE9,2022-03-08,"R$ 2.365,07","R$ 9.306,68"
E8C1B42B-D0DD-5050-A7C3-6ADE863DBB85,2020-05-15,"-R$ 361,64","R$ 3.192,86"
AD579862-8DB7-0604-300E-B45C2B580586,2021-05-21,"R$ 2.001,03","R$ 2.275,47"
4C8D0767-CF34-4E61-DEA1-A2718A1AF1A5,2020-04-17,"-R$ 7.923,03","R$ 1.256,45"
9405C34B-ECAA-C28F-49A2-7128E5F4458A,2021-12-24,"R$ 4.240,76","R$ 6.939,40"
24BDE58D-A235-4A37-B313-78E574844D2E,2022-08-17,"R$ 5.090,60","R$ 1.858,61"
DA0B9D51-7368-4163-3721-92ECD83593B2,2020-06-20,"R$ 8.117,16","R$ 2.440,13"
7BBCC5DB-8A81-E5D4-DDEB-9EDA2A775783,2021-10-10,"R$ 7.601,00","R$ 2.385,75"
9DF9BB43-B976-2409-A322-BF911CBF430A,2020-12-07,"R$ 6.180,57","R$ 4.480,20"
3710B7E2-FCEA-32D4-7785-D4A757D88BC3,2022-07-23,"R$ 7.490,07","R$ 7.381,71"
E2D26311-D867-B4E7-B869-629066213B64,2020-05-26,"-R$ 9.171,21","R$ 9.558,10"
B35E3B60-9163-4331-8356-85A252C8ACCB,2020-08-10,"R$ 5.707,33","R$ 5.829,85"
16C60CAE-9A4C-BE7B-0518-E72304CC1BE9,2020-11-05,"R$ 7.148,73","R$ 2.196,96"
24CBCE86-6D7E-0F43-226D-45EE0EC45E19,2021-09-14,"R$ 5.797,90","R$ 2.883,91"
C95D5B72-4E29-8A69-16C5-8EE464F02F8A,2021-06-18,"-R$ 3.127,43","R$ 2.722,58"
BA38E326-5AA4-F923-F66C-783CEE2C7C64,2022-08-22,"-R$ 1.253,27","R$ 6.010,39"
DF5A8D8D-5182-13B9-8E6D-D67A19AEDBFB,2020-12-03,"-R$ 8.881,24","R$ 4.452,46"
CE9E73D4-EBA0-218E-633C-AD7247BABE01,2021-05-10,"R$ 5.564,49","R$ 2.717,31"
EA5ADD81-426B-C71E-A808-CE34E5C2741B,2022-07-08,"R$ 4.468,50","R$ 4.600,76"
6D66D8B5-01F7-D8CC-509A-8E2D85E608A4,2021-06-03,"R$ 6.629,86","R$ 7.696,56"
0731C3D5-6365-C382-39F8-4A1AE7B6B92A,2021-10-17,"R$ 4.598,66","R$ 2.733,75"
A763AE64-519A-3EDB-E2D6-859ED5C52049,2022-09-15,"-R$ 262,16","R$ 7.208,24"
C890CB35-427A-529D-31AD-E84D88562655,2022-07-16,"-R$ 3.221,97","R$ 1.428,82"
3E13DA59-9512-C1CB-9157-CEE78025C378,2020-12-18,"R$ 4.945,99","R$ 7.862,00"
2AC3422C-42EC-3E3D-3A10-DE16B3BE64DF,2021-09-26,"R$ 3.852,47","R$ 9.068,87"
B1D49981-B38D-58A5-CF59-2533B454B1CE,2021-01-14,"-R$ 5.799,13","R$ 2.765,82"
29AEBC81-AB3C-CC7A-CF46-7C151E247E29,2021-04-28,"R$ 3.243,51","R$ 4.604,39"
674D9898-EF54-0EE3-460A-D91E2EAD9075,2021-03-21,"R$ 1.274,32","R$ 6.939,98"
F2753C02-F96C-EC58-A47E-E7834CC73319,2022-06-06,"-R$ 6.695,19","R$ 7.357,41"
A5ACF253-1543-3A39-BA4D-A8D043766D3A,2020-07-24,"R$ 27,81","R$ 8.002,83"
483BED49-F115-A24E-5C37-84E89945484B,2020-04-15,"R$ 1.541,70","R$ 5.581,13"
E17DE80E-2A4D-8484-7479-1A13680EDF67,2021-10-21,"R$ 1.894,03","R$ 2.964,37"
299C1AE1-C876-1C0A-8171-CBDEEE746B94,2020-12-28,"-R$ 6.485,84","R$ 5.134,27"
B86DC1AA-378A-D8C3-A840-FAE2D0675AB8,2021-01-28,"-R$ 7.248,81","R$ 5.037,74"
67AAB3A5-48F3-7B24-BE90-2A89E791373E,2021-07-27,"R$ 8.945,29","R$ 7.610,86"
3FBE2C93-045D-E7A1-45D7-6345FCAA84C1,2020-04-05,"R$ 599,95","R$ 7.106,78"
6538B148-4EDC-8223-ED11-81EA4DBDBA61,2020-10-11,"-R$ 6.099,54","R$ 6.002,98"
1AA4428C-F874-E418-2916-7DA81A5E86AE,2021-04-27,"R$ 240,11","R$ 8.471,03"
EE9192C7-1E34-BF63-CCE4-666C927A59C9,2021-07-19,"-R$ 2.544,49","R$ 1.909,84"
9A8FC23A-A564-BA92-8E69-A3F1EF49EAA1,2021-04-13,"R$ 1.193,48","R$ 4.258,05"
D01A6BEE-3774-527D-9A4C-465607A7B43F,2022-03-10,"-R$ 2.833,70","R$ 3.683,57"
39ABE99A-82E8-8205-1803-C7DFCAB5BB11,2021-07-18,"-R$ 1.368,52","R$ 8.696,02"
8B03F6A1-FAC9-8451-0889-3D425B001371,2021-07-17,"-R$ 9.535,03","R$ 2.952,31"
4D245E79-646E-C7E7-9E74-0D6AED3E41ED,2022-08-07,"R$ 9.576,20","R$ 8.866,62"
B8032733-6134-BD5C-C298-53DB929933DF,2021-04-22,"-R$ 3.088,34","R$ 2.962,23"
8C6FD4C5-BDAB-B405-EB3C-9484EE19446B,2021-04-27,"-R$ 1.473,39","R$ 9.825,89"
0BC702D4-CB86-92DB-813D-9AEB6632CC8D,2021-07-26,"-R$ 3.156,68","R$ 6.791,44"
