Identificador Unico,Empresa Divulgadora,Custo Propaganda,Data Propaganda
EB5315AE-E883-8DEA-7938-BEE63045D630,In Corp.,"8419,45",2022-07-02 13:22:03
AD1641E7-4378-BC13-7F15-4928EE192AA6,Velit Pellentesque Ultricies LLC,"5935,33",2022-01-06 09:40:34
821FA5D4-BE2A-83D6-B271-772E3E167E00,Nunc Sed Pede Consulting,"9003,26",2019-05-19 03:37:10
1C4EC5C9-EB00-1E33-41D3-3BC41E353D47,Neque Tellus LLC,"4419,05",2020-12-11 01:18:35
A2C8C945-8A84-6166-4337-75BA8E017CC8,Pellentesque Ultricies PC,"7273,32",2019-12-15 04:09:37
F421DA77-8C92-C236-991C-AFE133DB2215,Fermentum Company,"3860,94",2022-05-06 08:10:12
6E7A6C71-F6A5-2700-5A4F-61CA39BA2E6D,Convallis Convallis Incorporated,"6270,20",2020-05-19 18:02:05
B6BC4536-4809-898D-777B-26D426D8737C,Nullam Lobortis Inc.,"2388,22",2021-05-14 06:58:07
B337A9E3-EE1A-EF4B-A4B6-69C36FFEA288,Posuere LLC,"3169,98",2019-11-06 15:27:16
534D5A25-6FB6-9527-E782-7B86A996AA01,Donec Incorporated,"9575,17",2021-11-03 14:36:18
699087FD-080E-C5A1-833A-DAB8256E2DA8,Eu Euismod Ac Limited,"9841,84",2022-11-11 09:17:00
C2D7EE33-6C04-2698-F4E2-30DD2ADBF347,Auctor Ullamcorper Corporation,"6502,60",2019-08-18 12:41:31
DA4FB0B7-C5BE-E477-1F19-A2CE444C43AF,Ultrices LLP,"8887,12",2022-04-15 15:44:11
8DF87BA6-B006-BBE5-762F-2184BCF96136,Elementum Consulting,"2846,59",2021-05-10 12:04:03
E3970D3B-C67B-F999-A8E5-B9096B2231AD,Interdum Curabitur LLP,"3496,90",2020-08-06 02:25:36
C7AB9523-9615-208A-D505-8BDA87A6C85F,Ipsum Ltd,"322,65",2022-10-30 21:06:56
3E57C361-C5A9-E9E9-4D5A-7978D252C175,Elementum Lorem Corp.,"9243,30",2020-03-08 13:22:01
AAE42B80-563A-B8FC-FA36-6C368F33E31E,Nulla Vulputate Institute,"9390,90",2022-04-29 21:54:08
9248342A-7263-2140-7C97-6328A1A8A4A5,In Institute,"8787,27",2021-03-01 04:08:25
26BB14EE-BBC7-BD05-A2D4-67E8E9577098,Nec Tempus Limited,"9750,49",2020-08-13 05:37:23
977EC947-2584-A16D-D788-CE8A28CB1C25,Fringilla Foundation,"7618,82",2020-05-27 04:50:52
DDDF2E32-33AA-7356-8A67-B29E98D317C7,Libero Proin Associates,"281,47",2020-12-18 07:32:51
5BE1A24B-6F79-ED2C-9735-B668774D6949,Accumsan Incorporated,"307,50",2019-09-24 09:27:18
EE979253-82E8-ACBA-B8DA-BD8905E9DC28,Sem Elit Inc.,"3669,31",2023-01-15 06:35:18
F10F7ED6-575B-9748-F77B-D5BA4705AB7E,Sem Vitae Inc.,"8339,54",2021-05-11 00:58:44
FB2187EB-D4E1-4222-2CD8-AFAEA56BBA39,Sem Eget Massa Corporation,"2637,31",2022-08-30 16:35:52
8E399537-46CD-4A7F-C5CE-A11BDC7C9242,Nunc Corporation,"8194,41",2022-11-25 19:09:12
37EFADB9-DEB1-4895-E753-78A76FE7CDE3,Pellentesque Eget Ltd,"405,11",2021-03-17 00:51:56
A34BA3A9-421C-2AF0-837A-823B1C6A879C,Etiam Imperdiet Corporation,"4046,55",2023-01-11 17:19:59
9A9AC217-4522-B7D6-BF9B-CEAA27BA3DBD,Mauris Ut Mi Limited,"7499,71",2020-09-12 07:54:36
7C4F27CC-ECCA-97C4-9CDD-836122118A23,Aliquam Eu Institute,"6113,49",2019-11-25 06:10:28
19677FB3-42F4-21CE-8E3C-172D5C5A3E58,Duis Corporation,"5283,42",2020-07-18 08:23:26
7D5681A9-8A82-1BCC-7943-165FAAA7D6B3,Orci LLP,"1241,18",2021-12-22 01:46:27
9337BEBC-D4DD-6353-0E61-525032315FE5,Ac Facilisis Limited,"9695,01",2022-09-01 04:19:21
0DDCCA9E-09C3-D105-21A3-0AA36F8345A6,Amet Industries,"1356,13",2019-07-14 00:05:28
80C8D5E1-1A00-B547-0AC6-C5644D5BE644,Nibh Dolor LLC,"9093,61",2019-10-11 18:00:23
BD4E6C0F-ED3C-1098-103B-A3251815EF6A,Leo Inc.,"5668,35",2022-03-11 23:23:00
4B2BC8A1-2BD2-EDB7-C2A3-21254EFD2322,Non Leo Incorporated,"3998,86",2022-06-18 02:34:39
99ACADA0-BE0E-381C-CDC4-97A7C33E1244,Praesent Luctus Foundation,"3027,02",2021-12-14 07:09:20
C25D9430-EFAB-7C64-210D-CCE4ADB80ACE,Eget Mollis Lectus Foundation,"2516,15",2020-02-11 11:19:19
258E9D4D-B990-2C8D-CFEB-CBBD19442D0D,Lectus Inc.,"8058,54",2019-03-26 01:43:42
7EB17717-3E8C-8C8B-EA35-ACCC3BF77DB9,Penatibus Et LLP,"919,86",2021-03-18 21:28:56
68DDF154-83F2-857D-D44B-A1A862A957B6,Sem Ut Institute,"4041,13",2019-12-19 15:23:01
31839666-D563-A7AD-8804-5C39DDAA6935,Lectus Foundation,"1807,73",2021-05-01 16:19:34
8A872A01-3BE2-B7C8-212D-C447E7BA859E,Et Rutrum Non Industries,"2531,23",2022-04-17 20:45:34
AA4EAC2C-CAB4-9242-BF81-B2D1F189A3DD,Aliquam Fringilla LLP,"4138,00",2022-05-15 20:34:06
E37D088D-7A83-0359-F887-7A1A4657A8C2,Mauris Blandit Associates,"8522,47",2019-09-04 17:26:12
70E2E97A-8AA6-4102-89D4-A966A3577C79,Scelerisque Neque Institute,"5438,92",2019-06-11 13:50:08
46EC3317-4E27-EDF9-E8C5-D259C2542850,Dolor Quisque Institute,"8802,62",2021-12-07 17:58:59
8EE5D91D-A603-0D97-DC75-256EC2B46669,Nibh Vulputate Mauris Corporation,"2882,63",2022-09-13 22:49:35
F3536D43-8F63-86B1-45D5-A4AA47CD25D2,Malesuada Fringilla Industries,"7876,06",2020-04-30 01:44:55
6A2339A9-D636-55FD-AC1B-263D3D143A69,Augue Malesuada PC,"8300,78",2020-10-22 16:56:42
47B58462-62FF-FA94-135E-328DA219D957,Malesuada Augue Ut Ltd,"4169,96",2021-09-26 01:36:07
A7D7D912-5B97-CA9B-ACD0-03B778DB5ED6,In Limited,"3970,56",2022-05-13 03:36:16
5AA96DB5-7ED3-694D-ECD6-D3C125127B97,Dolor LLP,"2057,21",2022-07-05 19:19:17
45259674-CC2A-612E-B59E-E9BAB47C1E25,Nec Cursus A Corp.,"2612,50",2021-03-28 16:35:58
DDB7E283-DFD4-0A91-D0EC-E9C33A1CE5E8,Varius Et Corp.,"8245,36",2021-08-03 06:44:52
2B43D99B-9631-3476-EF06-9C18295CFEBB,Ut Molestie In LLP,"2997,43",2021-11-13 17:27:09
F5193BBE-5BE2-523C-56BE-5E3B35237E6D,At Pretium Aliquet Incorporated,"3001,24",2019-12-26 13:49:56
46E3A739-29A3-5FB3-6CC5-32993318768A,Convallis Erat Limited,"4168,32",2022-04-14 22:29:28
43A83E7C-8A8B-2CB1-B5FE-9C5BBA14EED5,Semper Incorporated,"3782,39",2019-10-17 13:06:27
84558F7C-B89E-A245-863D-B3D322262417,Massa Suspendisse Industries,"766,66",2021-10-16 01:53:45
9F4EC324-93E5-47DB-FD25-41B735CD15B9,Eu Industries,"7833,23",2020-06-30 19:15:33
95375839-1596-74B8-72AA-A5C89C966577,Risus Nulla Limited,"5102,32",2019-10-11 10:31:37
9406B80B-614D-507B-B42B-835D4B6C4564,Eu Lacus Foundation,"8852,33",2021-01-30 23:06:31
C952EDE6-6918-F5AB-A9C4-B9FCF31466B9,Donec Nibh Enim Incorporated,"9180,90",2020-04-20 16:19:32
5CE3C4B2-68D1-EB9B-1B7D-1786957A9C66,Fermentum Risus Institute,"7837,41",2022-07-02 12:12:38
1F163969-A175-BD65-62E4-53A6177198D7,Consequat Nec PC,"3004,99",2020-05-04 09:45:50
BEA724DA-3C91-514B-8776-3B63462E6ED1,Rutrum Eu Foundation,"610,93",2019-06-24 21:41:27
71683C38-42A0-FC52-C88C-BB7CE18E58AD,Parturient Industries,"6585,25",2019-04-27 08:01:42
E534D26B-30AE-C74D-D86F-8A38AA896C19,Donec Nibh Quisque Limited,"5620,88",2021-11-07 05:40:28
89E1FD92-41B1-C29E-86C2-46F6262BE449,Ipsum Suspendisse Sagittis Associates,"1729,76",2022-11-05 02:23:15
279394A6-3441-CBA1-AC01-A4DE40C1D306,Magnis Dis PC,"2011,17",2021-03-28 02:35:47
8AC2BBC8-B1E2-8261-3614-9C253C2A7B22,Rhoncus Id Mollis PC,"2778,23",2021-05-09 20:16:43
56A45CC3-1DAF-A634-8660-35B31E65E33E,Ac Mi Eleifend Institute,"5207,91",2020-12-03 08:57:12
7487CBD8-8E5D-EFBB-3516-147466361271,Ullamcorper Nisl LLC,"2426,88",2022-02-13 00:41:28
4919DDB9-3BAB-6D2C-E366-409E25BCF6EB,Aliquam Ltd,"2054,07",2019-10-11 03:15:58
AA9D6584-2186-93EB-35CA-3429630DB388,Vel Faucibus Id Incorporated,"441,42",2022-01-05 18:21:57
193726BF-BAA4-B3D8-5AFA-467B87A4B2B4,Sit Amet Associates,"3374,89",2022-03-10 06:37:28
F7E1361C-13E2-93A7-8852-3D2F27194542,Cum Sociis Natoque Corporation,"7724,74",2020-08-15 19:18:23
B2462EA9-383D-6394-938A-44121B21185E,Ante Institute,"5116,65",2019-09-03 09:33:15
5ADE8352-28B6-F3CC-73D9-28D549FEDE33,Sed Dolor Foundation,"5908,57",2020-10-21 04:52:27
78723806-54FF-D9E2-3DC0-A178455392D8,Et LLC,"3295,40",2022-01-13 17:55:35
A77E9F66-6781-F255-FA81-79E4BD63E5CD,Gravida Molestie Limited,"1378,54",2021-08-31 04:47:01
473CB1B2-CB39-BAAB-4EED-8D4745CE6699,Penatibus Et Magnis Company,"5747,51",2022-03-24 20:20:51
9DBBB2EA-AA78-7CAC-456C-567C491229B2,Convallis Est LLC,"552,86",2019-05-17 16:35:42
CF6324DC-CBE9-E593-E63B-0559D586C155,Integer Incorporated,"5835,29",2020-02-21 03:18:59
94248E1A-836E-2689-E93F-BC65F31635C7,Ipsum Donec Sollicitudin Industries,"6269,43",2021-09-21 07:50:28
DC578973-B962-51A9-778E-76C3CE156D9E,Hendrerit Consectetuer Cursus Ltd,"764,31",2019-04-08 07:57:27
57E91126-8542-D3E6-7862-4096BD52ACD1,Iaculis Nec Eleifend PC,"1968,94",2022-07-18 13:02:36
36AB3710-BA5B-A50E-B99B-422259A2FAFD,Arcu Ltd,"1854,47",2020-08-10 13:42:26
985A385D-23EE-841C-49E3-034BABA1AAC9,Nostra Per Limited,"4448,49",2021-04-21 20:19:04
281E2FEC-B111-A2C1-ACED-5CACC490961F,Proin Dolor Nulla LLP,"4971,08",2019-06-09 06:09:38
CD4107DA-B0C2-8453-B7EA-459E8C46D80F,Faucibus Lectus A LLP,"542,62",2022-01-04 14:09:14
CE8DBD4E-5473-1BE2-EC16-575348144B5E,Et Libero Corporation,"1621,53",2019-07-11 17:01:40
E68415AC-137E-899A-BB4A-D2C80D58F054,Velit In Incorporated,"2758,29",2022-09-04 23:39:08
4E4093E9-C151-98C8-5B19-9A0DC1D24AC9,Dolor Quisque Tincidunt Inc.,"5441,80",2020-12-10 11:33:24
B7187ABE-D3EB-3F11-5E0D-B2EC08D33431,Eleifend Industries,"9009,37",2020-04-09 00:40:29
7D7D3BD3-5283-D94B-D5F5-C40A6626B592,Pellentesque Habitant Institute,"1461,94",2019-08-10 08:11:48
21DB73B5-1C81-C44F-9B04-611D706ADB53,Ad Inc.,"1830,15",2020-03-29 12:45:02
A695838C-1A3B-823E-2F33-22BBD989C40B,Ut Dolor Limited,"254,96",2019-10-24 02:12:02
9A957D5E-1B90-EC2D-95E3-4A812D49BD67,Lorem Corporation,"4808,49",2022-10-31 02:59:15
99A8842E-34C5-DDD7-9E26-DDBDDA9025DA,Nonummy Ipsum Corporation,"1188,05",2022-12-20 18:02:52
EA43AD51-67D8-8E41-4B97-9677E80EF5F7,Ornare Corporation,"4504,41",2020-04-19 18:02:58
16AE0952-0657-6149-D6D7-C6BEBE30BC5A,Eleifend Cras LLP,"6707,17",2020-10-23 19:46:01
94969DCD-2751-9B18-BDBA-672D6546B769,Aenean Incorporated,"4751,87",2022-06-29 10:55:43
5C7E6958-CED8-53E8-69C4-140EB5B62892,Augue Eu Associates,"9198,01",2019-05-30 06:54:23
47EFE423-A7B2-A5D2-B6A0-77BF4193A6A6,Vestibulum Ut PC,"4909,29",2019-09-01 02:23:35
97B4E9C2-324C-953B-CF3B-C3377992C553,Elementum Corp.,"9265,54",2022-08-28 09:13:59
3BB64986-B7A6-AE6C-617E-DB4C66DA47B0,Ante Maecenas Mi LLC,"2293,67",2019-11-16 18:03:35
BC323B98-43CE-6A5A-C9FA-91FF8AB77767,Et Magnis Corp.,"2187,79",2019-06-07 21:00:35
E4434F2B-7D55-624F-2EAF-786A1CA687D7,Tellus Non Magna Inc.,"268,07",2020-09-02 05:12:59
8C554C1C-B65A-6D6C-0B85-6AEE7459BD16,Egestas Aliquam Nec PC,"5686,65",2020-05-14 20:41:14
1A1F2A2B-A91A-399C-ABE3-3A7AE39C01A6,Phasellus Nulla Corp.,"9762,38",2020-12-22 07:59:26
EEA8541A-9D25-C607-257D-C711B82E8C9F,Elit Corp.,"5887,00",2021-10-15 04:11:54
3B433E9A-87E4-4736-1D0E-248CA22ADB8F,Egestas Corp.,"7781,25",2021-02-10 10:02:39
A4EF81E9-8AE9-4A02-0111-6DB364E5749A,In Corp.,"6767,64",2021-02-10 15:38:37
73120E15-6CAB-7888-4F24-66265D778BA4,Non Inc.,"870,45",2022-07-10 13:45:33
998CE366-9FB9-F696-045E-278DB626C412,Est Ac Corp.,"9316,52",2020-01-15 01:14:59
734DCA83-CE25-9047-2042-5983EC957968,Dictum Ltd,"3855,96",2022-03-21 11:49:38
A657142E-ACC3-67F1-891D-834D8EB2E12F,Nec Euismod In Company,"2074,53",2019-09-03 10:27:12
4A81BA30-13F3-47A8-0E6A-6BD9813428A3,Non Nisi Aenean Inc.,"9721,50",2022-11-25 07:57:04
22863AB4-C014-0155-1DEE-AE1F8BDE0A26,Vitae Aliquet Institute,"164,22",2022-07-28 18:06:35
EC69B82D-48A3-2A4D-9248-EB8B1524C6BD,Aliquam Erat Volutpat LLP,"7483,59",2019-10-30 18:58:01
6C4C37B6-C725-277A-EF39-72A66842D4C8,Id Institute,"6824,64",2020-03-08 03:48:07
D4172652-F73C-2BC7-588B-72D73B6EA124,Fusce Fermentum Institute,"213,70",2019-10-03 05:51:06
7275D111-D591-EA9C-F179-5A845AD33ACF,Nulla Integer Vulputate Institute,"1781,15",2022-10-07 09:00:48
1E334DFA-A042-B9A1-CBD3-1B5196FC6D0D,Nonummy Fusce LLP,"5893,36",2021-04-24 18:21:31
37670A69-6CE2-8D2A-A356-71279D5D8BEE,Egestas Associates,"1037,04",2022-09-22 07:09:45
1B338356-B398-37D7-46E9-89D3980EB396,Sed Pede Cum Ltd,"6153,02",2020-07-20 23:15:02
9196216E-6455-D66A-B9D4-88374A21D9F6,Amet Associates,"533,27",2020-04-01 01:08:44
3DB1A338-BE56-5C0D-03D6-0535EE3A1E28,Eu Foundation,"1787,79",2020-01-18 15:06:02
BB91F324-4417-33A0-6633-22DAD215AA95,Laoreet Libero Et Corp.,"1600,85",2020-03-07 21:42:24
559C59F9-A6AB-FE51-1799-A7D9CECAF346,Purus Mauris Ltd,"7134,46",2022-12-23 16:28:46
DB7D1FDA-E037-88D5-6C8D-EC42FDB23AC6,In Consequat Enim Corp.,"7192,26",2019-11-30 18:21:23
73AEDD82-EABB-B7CE-D745-182BC57E6EE2,Adipiscing Mauris PC,"5112,67",2022-11-16 03:28:03
8E7D524B-B974-81B3-AA8E-5C302B85DD4C,Augue Porttitor Inc.,"3360,49",2022-06-11 10:59:01
2B07A364-B02E-EE89-BB31-89C9DD5E36C7,Vitae Nibh Donec Inc.,"6739,60",2021-07-07 20:41:07
9013BD96-97E9-EA39-1694-7661BC127314,Ullamcorper Duis Cursus Foundation,"9920,75",2020-05-25 19:03:54
4AE16C41-0785-174B-852A-242CACAD600C,Non Hendrerit Limited,"5961,57",2019-06-11 08:06:55
84D75846-9855-0944-2CEE-97C54414466F,Hendrerit Consectetuer Incorporated,"5811,87",2019-07-14 12:54:18
9FEDDC23-3A16-A19C-AAA2-415B8BC7FC34,Erat PC,"8441,22",2020-10-24 18:00:29
3ED4A831-D74B-712B-1DA4-3F5F582BD938,Vitae Institute,"8392,38",2019-09-23 19:44:27
754CDF77-6D4F-8619-8B99-DA94A15A3EB3,Luctus Ipsum Associates,"2612,31",2020-10-28 03:54:36
17EFDEC9-81AA-64B1-6191-441C853EA938,Orci Donec Ltd,"7824,57",2022-08-16 14:14:25
D42CD765-4416-B768-B3A5-1BBE3C58D177,Facilisis Lorem Tristique Inc.,"601,39",2022-10-29 08:47:18
E8E4536F-0813-15BC-2C1D-A99AE178B435,Pharetra Corp.,"5097,42",2022-12-29 21:40:12
B7B17585-E3BB-8639-C7FE-7F68F827AB5B,Duis Volutpat Nunc LLC,"894,85",2020-06-22 17:16:54
0B4D7EDD-D59B-32DC-1995-C84932523C11,Bibendum Ullamcorper Foundation,"5901,96",2021-02-02 05:28:14
D4582FA2-A6F1-943F-DD59-ACB714E1EC7E,Nunc Est Mollis Industries,"528,07",2022-08-15 00:23:20
34323048-FF82-6146-C5B4-4CE2F9D088EA,Neque Sed Corporation,"412,98",2022-09-30 13:06:48
97E452BF-8790-7D82-619D-54B0E1BBD517,Gravida Aliquam Tincidunt LLC,"2318,38",2019-11-20 18:07:49
80438336-5E50-8922-09AD-DA7B83A182C6,Et Arcu Imperdiet Limited,"851,61",2019-04-22 08:50:10
121AA9F3-B858-C426-C229-C1FDCE825386,Convallis Est Vitae Corp.,"431,44",2021-02-04 18:57:54
15B99552-23E8-E1A7-C44A-9797BDC21842,Est LLP,"7409,23",2019-09-19 08:28:29
3F8E71B1-FB92-BAA7-7653-FE48224D3BD7,Rhoncus Id Inc.,"7046,73",2020-04-05 07:58:18
8AC5823F-41AB-AA72-CA1E-58A6785E8511,Arcu Iaculis Corp.,"8309,48",2021-03-03 04:14:14
F241C373-797C-B490-73A6-E1A5BBD0A8DC,Nulla Associates,"224,27",2021-02-08 13:21:52
AAC06423-68AC-9E88-9306-5EB4EA91E1C4,In Associates,"5263,93",2020-12-27 22:59:35
288CB31D-9B45-C4C2-98A8-671EA81AD561,Taciti Sociosqu Ad Corp.,"3626,54",2022-09-04 04:49:12
70CD0B31-E6C9-EDC3-BFAA-3497532385E7,Vulputate Velit Corp.,"946,07",2019-12-21 07:33:47
1738DBC2-D438-9980-33B6-B42275C4DC49,Nunc Laoreet Foundation,"6277,81",2019-08-21 18:47:39
569404A4-6759-B168-B942-5B88C86DB76A,Metus Corporation,"6762,81",2020-04-17 06:37:03
473F419C-7563-7A73-13FD-6CACCE19A6EF,Nulla Tincidunt Corporation,"9444,88",2020-06-26 20:33:49
55783235-21B5-4AD1-B74B-96101184211A,Dolor Quisque Incorporated,"9612,60",2022-09-04 07:02:05
74D48EAE-3449-63BD-492D-71E189C12B87,Pede Et Industries,"396,57",2021-06-29 16:22:32
26FBDFE3-91CB-EE2C-1D39-12BEBE953531,Litora Torquent Per PC,"702,04",2022-03-22 20:50:48
B9B08AD8-CEEA-D76F-1645-C50A4C286EF9,Justo Eu Inc.,"4641,71",2021-08-18 22:16:18
3D86E89C-458E-4DDB-DB52-10D2C90BFA2B,Sapien Molestie Corp.,"8751,32",2021-11-27 00:34:59
9DE4AD8F-DC72-7724-6343-BD63CF1736A6,Iaculis Aliquet Corp.,"497,93",2020-04-26 09:32:30
8E8D572F-4554-5068-10B2-2D8FED107728,Ligula Donec LLC,"6005,69",2021-02-04 03:14:35
D1A33BED-FEA8-E0BF-E2F2-3393E2C080C1,Cras Eget Nisi Corporation,"5546,54",2019-12-07 07:55:13
4BD807A5-ED62-FC08-FA39-EB3A7A08E3D2,Purus Nullam Inc.,"7582,50",2021-08-16 19:24:41
EA8CCBBE-F8FF-7CF3-D198-647DE95D3B1B,Sed Libero Limited,"9239,68",2021-08-12 17:57:12
16ECADB4-BD62-4C4A-6641-98839C791813,Justo Nec PC,"7404,18",2019-11-08 14:46:09
F55993D7-AF44-01FD-1834-3395E8BD8B96,Aliquet Diam LLC,"3512,83",2021-05-31 21:42:15
49351A07-EC4E-5389-D5F8-F19B14A23DBC,Erat Foundation,"3395,77",2021-07-12 01:30:50
74A2969C-BB34-5C38-E8A7-3611A32AF2FB,Lorem Ipsum Company,"9804,93",2022-11-13 21:20:52
6F408245-96ED-C2D5-0B2E-1565B364D548,Duis Associates,"9964,72",2020-05-20 07:43:55
3697EF6A-DE63-27E9-C6EA-96C7840A6F12,Sodales Purus In Associates,"6177,16",2021-09-09 17:27:52
6A6140BC-2248-1D36-F4AB-A908C11B858E,Aliquet Limited,"3339,99",2020-10-28 11:11:17
5CCB4DDD-B768-9881-63D1-9CE8732FEEF1,Vivamus Molestie Corp.,"6076,28",2022-12-31 15:09:18
D26AAEC4-39A4-CC95-9E4C-DF593CC67756,Aliquet Libero Industries,"7612,33",2019-05-10 10:13:52
22B63B48-DEC1-2C2C-22AF-C2651D05DD27,Velit Consulting,"9632,48",2021-03-20 16:45:38
655B72D8-47A6-92BC-ACAB-87357EADBCE2,Nulla PC,"1260,17",2021-05-16 07:07:24
BBC5A9BE-CB3D-C8B1-8CE1-E7912A3339C6,Felis Purus Corp.,"5926,20",2022-01-26 08:09:29
855EA38B-E857-BA35-4848-4B5F8666CA42,Sodales Purus In Foundation,"5474,22",2021-09-11 09:01:43
8CAE01B1-75D5-6AC0-6CB4-3C2AE8379EB6,Nullam Scelerisque Associates,"3523,93",2019-03-08 03:36:48
514D3DAE-572D-451A-1EE1-6D6B76DAA5CE,A Odio Semper PC,"5495,86",2020-12-31 10:31:21
D4EEE8E1-6C79-184E-77E0-A6A281ABEC53,Ut Sagittis PC,"5497,95",2020-04-06 13:51:26
FB8D85EC-135F-4E22-59EE-92D3BFB891E4,Auctor Velit PC,"152,88",2023-01-08 03:10:10
87B25F0A-6922-6DC6-B049-E013C3F0B1B4,Et Ultrices Corporation,"7705,75",2020-10-30 14:52:42
87765ED2-1BB8-D533-5BD7-6674418E325C,Elit Institute,"9851,19",2019-09-07 18:06:15
CE422699-52FB-DEB4-4942-C7D9AB54E194,Rutrum Justo Institute,"1950,75",2021-01-12 10:12:49
B59192B5-48A3-03AC-A9E7-065999DFE279,Scelerisque Sed LLC,"6171,09",2021-09-13 02:11:36
8DCC13DB-52B3-5DBF-8A47-C2E1C36A8225,Gravida Sagittis Foundation,"9209,24",2020-06-01 09:37:12
CE3A2335-9DBB-06DC-E526-CE87EA5C8B07,Sapien Molestie Orci Associates,"1155,15",2019-08-13 18:58:21
9EEE62BE-2F9E-3503-2D02-6EF8134919D2,Amet Ornare Lectus Industries,"1545,95",2021-03-07 01:50:40
192A9C2B-FF65-3787-FA69-3A98965513C3,Non Industries,"2201,55",2022-04-17 00:03:35
D4862998-52D8-400E-B56C-EFC622798DB7,Sagittis Placerat Ltd,"1845,25",2021-03-09 12:18:51
552B298A-4570-12E2-4447-1649376E52CF,Id LLC,"4489,74",2022-02-02 19:33:52
45FCD8E7-B6E7-E3C2-FB39-2CA7E694B985,Vulputate Ullamcorper LLC,"7110,42",2021-03-24 15:15:48
E746E4C2-9117-B152-3A83-2244B64693AC,Odio Aliquam Vulputate Institute,"9416,21",2019-04-04 04:08:36
415A97D7-1BFC-BCE0-7546-0244A5CAAD4F,Aenean Massa Foundation,"1378,07",2020-06-16 20:10:18
D83B559C-18BD-991B-EE89-B198D6113517,Vel Arcu Eu LLC,"1068,24",2020-04-23 16:03:46
399A03C0-2B9D-7162-4AD9-2274FDD47756,Ut Inc.,"2699,84",2020-11-25 06:47:13
3FEED298-95D3-89D7-4B77-5B143E1E4DC4,Augue Eu Institute,"383,39",2021-08-08 16:27:19
49A4725B-D72C-C6E5-5F69-29C69DC52882,At Lacus Corp.,"3503,18",2019-09-13 18:47:15
128F23B1-F371-D445-2D4E-ABA1940BD551,Velit In Industries,"2573,98",2020-12-01 18:57:12
1590D8EF-756E-479D-C96C-B2B0CC2574C3,Aliquam Arcu Limited,"2214,07",2022-11-05 23:58:11
4BC89EE2-949A-3CBA-0492-6125C926744C,Donec LLP,"9535,70",2019-04-27 05:37:56
517BD91B-322A-ABAE-6AC3-904D8C667D62,Quam Industries,"4645,92",2021-02-13 02:17:14
188BB32D-59CD-D356-9639-3BCEA009A0A9,In Faucibus Corp.,"3037,76",2019-12-22 05:40:50
D7674773-4AE1-8D9E-932D-05E3AD97D45E,Ut Semper Pretium Consulting,"1092,37",2021-05-01 23:25:54
253D63FA-EEE4-2BB9-815F-2664B91169BC,Urna Suscipit Industries,"9428,04",2022-01-04 21:37:43
22E221BB-A87C-3E82-1D0C-B79E4356E08E,Vivamus Nibh Incorporated,"1931,56",2019-04-18 07:12:01
D85870F8-4065-6D30-5E1C-66E9B213A23B,Tincidunt Dui Ltd,"354,95",2019-09-16 21:38:40
CD2C627B-22B8-1B25-7EEE-78C2EB77B9D8,Malesuada Vel Venenatis Corporation,"7224,42",2020-08-09 09:00:01
76DE7D28-C444-BB6D-6918-CC8E456A64D8,Consectetuer Rhoncus Industries,"8409,63",2022-04-29 07:31:32
EA176C98-83CA-A81A-BAE1-4D64DEFAABD2,Ut Tincidunt Vehicula Associates,"8212,96",2021-06-21 15:45:10
77FD1DD2-E512-C9CE-064E-4DA9F10FEAE3,Lorem Vehicula Et Industries,"5843,09",2021-04-25 12:08:06
D7A85EC9-128E-C11D-8DAE-514AD9209C0A,Nulla Interdum Corp.,"5560,02",2019-08-07 06:05:51
967C23A8-CA8A-61B8-D2F8-E72A9982F923,Eu Consulting,"4362,35",2022-08-29 20:28:16
FD37E9E9-95EF-6A52-0277-7FB9C2F2E3A3,Orci Donec Associates,"4677,96",2022-05-21 21:11:20
DADBAF7C-DF96-8D53-1638-D977E2DA1D09,Non Egestas LLC,"8354,08",2021-10-02 02:10:03
978C8921-FDE2-9AE0-5189-3C6C782866E7,Ligula Limited,"5512,60",2021-01-09 00:23:09
BD13F87B-A8D7-B183-FBCB-728CF8CB72CD,Porttitor Interdum Consulting,"7445,40",2021-09-22 06:52:28
C285D9B1-7846-FEFC-61D9-2589A538D831,Lacus Aliquam Incorporated,"9134,76",2022-08-04 09:56:19
6F304CCC-3563-5ED7-29BC-22A4AA8D16E3,Vitae Nibh Corporation,"5680,34",2020-03-29 06:17:27
E8BE7B3C-2C29-FAB1-8B5E-49D16CD5327A,Morbi Tristique LLP,"4280,19",2021-07-08 12:51:39
8BDECC59-8901-8260-18EE-76BDF09752D2,Feugiat Non Inc.,"2517,34",2019-09-11 10:13:39
359DBBBD-F752-C7BE-934C-4455B63A651F,Et Ultrices PC,"9877,95",2020-11-02 10:17:53
7D2BB4A5-1D17-4109-E970-1B20D6544D7D,Metus In LLP,"335,32",2019-12-08 14:03:32
5B89B948-E16C-1B37-C76B-66BADB2BD4DB,Imperdiet LLP,"1807,07",2020-12-01 02:05:54
15ADEA95-1F8E-5A7F-76A3-9BBCF2082B84,Mauris Magna Consulting,"8711,16",2023-01-10 00:43:40
EE893826-ABEF-66DD-495B-CED365A62F68,Integer In PC,"2387,07",2022-06-23 03:54:18
B5E8D09A-AE48-089F-D5E6-59FDCC4BBA0D,Risus Donec Company,"4580,92",2020-05-20 00:41:47
95539AAB-015D-80DB-13DA-E336FC22E869,Sagittis Corporation,"1039,84",2021-07-21 22:08:34
5752BE1A-C025-B391-4D14-C583F9EA5CA1,Donec Industries,"4262,51",2022-04-25 11:35:50
DB145AC5-920E-773C-7CCC-C7964AAA5D18,Nulla Cras Eu LLP,"230,48",2022-03-16 04:15:57
92BB88B4-D99F-71E6-062E-3B8D29CAD270,A Purus Duis PC,"9098,98",2022-11-28 21:03:03
2263C637-2C74-FA46-8192-2427EF4255FA,Aenean Egestas Consulting,"4454,95",2020-08-08 19:42:25
824D3D72-CF9C-D899-2BE9-D328B59E1A0B,Vulputate Dui Corporation,"1863,81",2022-07-15 23:54:17
DD06AF67-2A08-73F6-C9A8-64C4CEC89A68,Eros Nam Consulting,"2984,13",2020-03-23 08:00:42
AD4E4C99-9D17-19EB-DB15-2A88A6B79C4A,Tellus Inc.,"920,52",2019-09-25 05:51:09
287A93A2-65D9-24EE-FB33-B31AC52C327B,Ut Quam Foundation,"687,71",2020-03-16 02:30:04
637BCE25-67DD-D1A7-DBF3-44BADA320DA4,Sed Incorporated,"6808,30",2022-04-08 10:43:06
67721A44-1AEC-9E00-B377-E4D051A2CBFE,Eget Metus Corporation,"9869,64",2021-05-25 05:11:48
6B99AE6B-D798-7366-5F4E-B6E9E62CDC77,Ac Corp.,"5501,97",2019-10-14 01:21:45
70443946-C43A-1C4A-CBF2-500227AC8271,Nibh LLP,"686,09",2019-06-22 06:47:36
DF9DCB0F-9427-81C7-9544-CB8087996B95,Vel Convallis Associates,"3086,90",2021-06-06 14:09:31
1E546178-5896-3CC7-4053-D8472C29A9B0,Curabitur Massa Vestibulum Incorporated,"9320,95",2020-10-09 01:16:20
461F249B-691D-DB88-8ED3-6EED5B4A6CEE,Viverra LLP,"9852,26",2020-03-28 23:20:33
D238CACB-D2AE-EAC1-E9DD-BB9C88D1D536,Vitae Limited,"7440,34",2019-05-01 17:37:56
9141DE74-7728-9B8C-EA80-2680E8BF4C36,In Ornare Sagittis Foundation,"3096,74",2019-06-10 05:28:28
883CD84E-7BCB-765B-43A8-62413CD7576C,Aliquam Ornare Libero Consulting,"1234,74",2019-04-21 17:54:11
3EEC8F2B-DC56-5228-CE13-03D7D7149A3E,Netus Et Foundation,"6569,31",2019-10-12 16:02:27
2796CC2F-2583-7E91-8C31-3C788987DDBC,Lacus Quisque Incorporated,"7392,46",2021-08-21 01:01:46
8CE7F9D1-E32F-1465-1E35-D011757F869D,Duis Corp.,"443,56",2020-02-29 15:30:23
C36A436E-990C-C23C-A582-7BBE2E2A3B62,Nibh Vulputate Company,"6560,04",2019-10-25 19:08:14
1E715EC8-C113-0B8B-6133-170E6D517458,Eu Inc.,"2365,56",2020-10-18 23:59:39
254B7976-B512-4396-0C74-3E2210916318,Ullamcorper Nisl Associates,"8020,00",2020-08-16 13:07:17
B8B5E3A3-F7C3-61D3-250E-6C4397188373,Amet Ornare Lectus Institute,"297,83",2021-04-01 00:45:34
EA706D51-A573-BD1B-8164-A136B9EE2316,Tortor Corp.,"5881,57",2023-01-06 09:22:12
CC1DC965-C11D-C5CE-6378-3A9B1910DC9B,Vel Est Associates,"8553,02",2019-11-03 07:29:13
AFCDDFF4-30FD-638C-A86A-D24BBBCAA9DC,Quam Elementum At LLC,"6934,54",2021-07-26 08:09:31
A83BCEFD-30B6-ECFE-C9B0-42785ED13C93,Lorem Ac Risus Corp.,"5402,25",2019-06-01 10:49:22
5ED536B8-FA8C-0327-9F6B-4FBA5213BEEB,Odio Aliquam Vulputate Limited,"8625,59",2021-10-19 20:53:26
695A8508-13B2-2C03-4263-2D14CBD2B6E9,Ac Mattis Industries,"9207,30",2019-10-12 15:24:26
D4CC7AB3-9201-2253-9616-FC25D6CE7342,In Molestie Limited,"3674,58",2022-01-23 13:05:25
5C31264C-5370-47B9-DB7E-E2FEC636EE34,Dui Semper Company,"2071,01",2022-03-31 15:38:53
4189ED8D-AADF-2753-BB92-166EB1A824E6,Ligula PC,"3906,30",2020-10-08 17:48:06
731EA9B3-4328-0722-9787-74AC087BC5A6,Fringilla Euismod Enim PC,"1185,01",2022-10-02 09:34:43
61C8C38C-AED5-6093-4C25-1543B8DCD825,Pharetra Sed Corp.,"888,75",2022-08-12 18:40:16
84815696-6778-5A77-09BE-1A15066494EE,Enim Sed Nulla Limited,"4264,53",2022-08-04 18:16:27
B4A747D7-5311-64A2-ED11-1585364733EA,Rutrum Lorem Ac Associates,"1561,91",2020-12-10 07:17:12
06AAC97A-12C6-1833-B2E3-750E9DC7EA2D,Amet Faucibus Corporation,"2546,22",2020-05-08 18:13:08
E5E9711B-85D5-DB9F-28F3-6C526C9A5E46,Eros Turpis LLC,"3985,89",2021-08-31 08:55:27
4D6BE6EB-A8D9-4A13-0194-096594DD9215,Nunc Corporation,"5084,29",2021-05-03 02:51:33
71B18B59-2486-7B8D-1B9C-ED4CE4382EB3,Iaculis Odio Foundation,"7798,12",2022-05-11 21:58:45
0C8679FA-73A7-1412-424A-3E7315E9E618,Egestas Consulting,"3181,54",2022-04-03 18:25:35
2B75DA9C-AB4A-CE34-C04C-B94D2E632539,Eros Institute,"2033,56",2021-10-12 18:38:07
177379E8-71CF-A1B6-E6A1-6C66A5838833,Etiam Gravida Molestie Associates,"9342,50",2019-06-23 10:12:56
4354A541-CB8B-A545-66DE-28B6CFDA7715,Suspendisse LLC,"5614,19",2021-10-30 17:55:41
2ECBCC90-E2DD-EA5E-CD68-8E0EE9CD3ABE,Magna A Associates,"2687,88",2021-02-27 09:54:49
6625A197-DCDF-782D-E637-9A8C32DB7261,Aliquam Auctor Velit Inc.,"6460,22",2020-08-16 01:48:27
23E32E96-3DF3-8D95-4835-E440BDEC0515,Convallis Convallis Dolor Inc.,"8659,43",2021-01-16 00:06:10
4E857E4C-0516-8379-5311-884C7CDE824A,Auctor Mauris Limited,"4354,90",2022-01-14 21:26:59
124F13F6-2586-50B5-9780-A80411ABE23B,Eget Dictum Associates,"8305,08",2021-10-24 22:46:46
24A4FAB9-C896-7948-A37D-36DEC6C6934D,Ipsum Dolor Institute,"6082,55",2021-05-22 21:55:48
81BDE2C9-639A-9147-EEE7-17261C4FDAB7,Elit Elit Corp.,"7232,81",2022-05-26 01:17:59
9467BA02-2438-B49A-956E-7273367D0E4C,Lorem Tristique Aliquet Industries,"6939,86",2020-07-31 17:36:45
52846818-4A98-3C21-1447-C76E0DED3FCD,Sed Ltd,"2679,53",2019-04-24 20:38:14
9F527439-D0ED-11B6-A129-E9ACE187EABB,Risus Odio Institute,"9867,23",2019-12-22 18:07:08
0D321DD0-87DB-EE73-DA16-A9A4E216D5A0,Integer Aliquam Institute,"1779,69",2021-01-22 17:36:58
9C59AD29-E51B-19C3-C04D-D172B4D45D1B,Dictum Incorporated,"6941,44",2020-02-14 22:19:50
B51E19C7-51CD-7553-8D30-A1E5A3BE48FF,Sem Egestas Blandit Company,"9166,10",2020-11-09 00:44:34
137B40DC-C7F0-8552-5163-4A0B527C3342,Ac Foundation,"3370,49",2019-09-23 08:49:16
9F7165D0-224C-FCAB-E0BF-E8424D8B95C7,Pellentesque Institute,"6506,51",2022-10-28 22:05:47
08A4B39D-0DAC-F2B3-3A2B-5BF64D1CE7D8,Elementum At Institute,"9120,13",2019-03-03 09:30:16
263A8413-DDFA-8A96-9CFF-51D67D9EF99F,Pellentesque Corp.,"4775,54",2019-07-11 13:51:05
C2DA5D9F-3E52-6D79-4CF1-6D48CB7478B9,Mauris Vel Corporation,"6828,47",2022-03-25 04:04:30
6C341743-E639-A02B-EA6C-C422A38D8B65,Elit Nulla Facilisi Inc.,"7924,77",2019-03-21 07:13:11
881F2E5C-5BF7-4AA8-3CCB-497239CEB372,Enim Inc.,"3269,06",2022-05-02 21:58:50
A6E13190-2DBD-408B-C763-044991DC8A93,Aliquet Diam Sed Institute,"8303,61",2019-03-07 02:43:57
E19DA687-D92B-1131-E932-6AF7B3BA8E3D,Nibh Ltd,"7285,30",2020-05-27 14:00:46
705913CD-25DA-88CF-DD93-E4A16DC98BBD,Ac Incorporated,"4188,29",2019-11-14 06:17:03
B438B462-F323-C6B6-739E-658C81ED694B,A Foundation,"6560,05",2019-08-06 09:33:15
4D262535-F465-DE1C-D1D3-622A4E5D6F98,Vitae Posuere Inc.,"7932,45",2019-05-27 00:22:54
18617366-E44D-F5E9-DB78-F598CC5D191B,Aliquam Ultrices LLP,"3076,95",2022-11-15 21:39:09
E48634E8-97BA-5338-1069-CD637E9B4D61,Dolor Tempus Non Institute,"8695,33",2021-12-16 16:10:09
B1CEDC9C-AA5A-EBFB-1766-E8777D63E6DF,Vivamus Molestie Ltd,"4335,29",2020-06-30 01:57:12
A4A601C8-CB7E-734C-00BC-11C5C3C59396,Diam At Pretium LLP,"2080,54",2019-06-01 21:30:33
DA99DF9C-D159-D777-655F-4AD8F1E6223A,Maecenas Mi Corp.,"2110,13",2021-11-29 23:29:49
28647433-2D29-625E-E254-D9CBD18DE69A,Fames Ac Associates,"1356,70",2022-07-24 00:53:20
3653819F-ADB2-3574-301A-C7C3023B98C0,Sollicitudin Adipiscing Ligula PC,"7318,58",2022-08-24 19:19:09
10498866-7786-9AC9-F63E-A5EBC3639251,Pretium Ltd,"289,68",2020-01-17 10:36:31
ADD856E4-3855-DEE6-BC7C-69013E463B37,Eu Sem Corp.,"3798,60",2021-05-31 06:44:17
946A85C1-74F8-9ED2-DB4B-5464173CE7E2,Donec Non Industries,"1767,80",2022-12-11 22:37:42
C2F0D4A1-A845-BE57-9D73-C4577DEDE9EB,Morbi Tristique Industries,"1603,30",2019-10-18 23:03:54
8401E021-37B7-49E5-7982-400CBE55227F,In Cursus Associates,"1455,18",2022-06-01 11:48:38
F65125A2-1F7E-E66A-EA05-2B35BDAB33A3,Posuere At Corp.,"6885,57",2020-09-02 03:10:01
BEA1C1DE-3A88-2205-CD48-3E54A28227A3,Sit Institute,"4738,63",2019-03-09 17:17:20
EE912A85-7349-31B0-6112-2BD8BCB4EE3D,Et Magnis PC,"9847,07",2021-12-15 06:36:07
FCB56487-8827-1337-A023-15AABD1ABC14,Eget Associates,"9167,97",2020-09-22 06:18:19
D5AC1A38-8937-AE07-ACAA-B37B334B0D4B,Fusce Diam Ltd,"5126,77",2020-09-09 00:44:08
3E7D99B3-D373-2476-7A96-4B339A746BB5,Nam Ligula Elit Limited,"3863,35",2019-11-17 15:40:12
931588C4-144F-BED1-FA46-4B4EE348A503,Sem Semper Foundation,"4861,20",2019-04-04 17:10:50
58A60B7A-1936-E9A5-1D7D-0A654C7E4641,Fusce Mollis Duis Inc.,"5906,21",2020-01-23 23:10:46
595DD139-ACBD-8D61-A5C6-67894DF2E31C,Enim Incorporated,"8105,17",2020-01-07 02:32:21
9517A6B7-6AD3-2E78-2B0A-EF164F414738,Tristique Aliquet Institute,"5418,44",2020-02-11 03:39:05
A431A476-B9AB-B199-27B3-56BD4E20A2CC,Lobortis Institute,"3671,36",2020-09-12 04:56:44
AE69B366-8813-BBB5-6F5D-30658821B42A,Convallis Foundation,"9770,11",2021-10-25 04:14:31
FACE6152-B912-8D13-516B-56D13A35F9E8,Leo Elementum LLC,"4695,76",2021-09-30 19:36:27
5991E66C-52A7-28A8-0CA1-8337501C9AF9,Sed Auctor Odio Incorporated,"5651,73",2020-11-20 02:24:03
982C9C17-CA22-9377-9BC8-E66E124529B5,Sed Company,"6365,18",2019-04-12 22:40:36
688D4ABC-9F9F-F5DC-93B6-BB65FA98A8B5,Et Ultrices Foundation,"309,22",2022-05-05 08:11:48
207F0283-2C8D-6EB2-6211-0FDD1DE1B410,Nec Mauris Industries,"2815,53",2021-01-31 16:18:46
5CC8E268-166E-937E-864D-7C96C3C39DD4,Lacus Ltd,"1717,52",2022-04-01 23:14:37
42C3A16C-5587-1C32-F9D4-A90613645740,Orci Donec Corporation,"497,15",2022-01-19 17:45:54
A479185A-A441-22DB-B5E9-27123D955027,In Faucibus Industries,"1209,66",2019-05-26 20:13:50
95663414-196E-81DE-426D-4C2C63376244,Erat Volutpat LLP,"2148,70",2022-12-13 09:51:34
821E9269-625D-0BC3-F10E-81BEB833BA3C,Nibh Enim Gravida LLC,"559,09",2019-05-09 06:08:07
7A3D5FE3-B840-4505-3E59-63E4AAAC45CA,At Pretium LLC,"7745,33",2022-08-06 16:17:47
52B4CE60-43C0-8974-536B-B17EA50715B7,Dapibus Ligula Aliquam Associates,"976,52",2020-07-28 07:12:58
EA7A936D-4B2D-D2EE-5325-9CA6C693C48C,Dolor Sit Ltd,"1886,76",2021-03-01 00:58:48
8D9617E2-D4FE-1FEA-AD31-FE3EF882A335,Id Risus Quis Company,"6786,90",2023-01-18 05:30:58
31B78792-8D95-E65A-C487-E368E112EB74,Ac Orci LLP,"1301,43",2021-01-29 03:00:32
4A4B4150-72A2-1793-B82B-8DC985032662,Eu Tellus Associates,"4169,34",2019-03-28 06:50:07
7982A638-41E1-93E4-28C9-D19131C1A60B,Urna Nec Consulting,"9759,38",2021-11-25 19:07:28
6611DA90-2A65-26F6-ABD5-9DBCE544289E,Orci Tincidunt Adipiscing Incorporated,"2904,21",2020-05-13 14:25:54
D2D55E89-8941-D26E-E375-A5D32693577E,Vitae Corp.,"2281,66",2020-05-11 03:04:01
66A4EEAC-E8AC-A982-6E2C-EDDF2DAAD51C,Eu Odio Tristique Corp.,"8488,12",2021-08-26 11:03:01
9652CC0B-85FC-0D7C-EFE2-10EE3AC8F904,Eleifend Egestas Company,"2358,61",2019-06-13 17:12:59
5FAE09F9-3D1A-D198-43EA-4E77FB42A6B5,Eleifend Vitae Incorporated,"3830,00",2019-04-28 08:00:13
B6842227-9E69-32BC-FB1E-EB7C9CC9C65B,Egestas Sed Incorporated,"4236,94",2021-04-22 22:39:44
10D65623-B23A-BC47-F324-A8A7B2553FB4,Cursus Luctus PC,"7555,76",2020-01-21 21:40:44
5EE5D8E6-151A-6ACE-E488-7C9ECE4E323A,Bibendum Corporation,"7948,16",2022-10-27 12:16:23
7D4E345E-CD38-CA04-E720-79FEC14A05C1,Rutrum Associates,"8982,28",2019-06-30 06:06:31
426D994D-4953-A2A3-6BD7-37707A37785A,Magna Sed Ltd,"2413,61",2021-11-15 23:00:48
24A70C36-715A-9D70-2AB7-8E731948BB3B,Laoreet Lectus Quis Company,"637,54",2021-07-14 07:57:43
C54D5623-B849-1E9A-3C99-1A64CAD7A8BF,In Tempus Eu Inc.,"9701,90",2022-02-14 18:10:41
A67E04C8-74E6-D894-5FB9-83C4F599D38D,Tincidunt Congue Limited,"9125,42",2019-04-15 12:59:59
EA3C10BA-4677-03D6-31C1-ABA3730B0ADD,Nunc Mauris Sapien Institute,"7807,38",2020-07-24 11:37:53
E5A8EB68-D732-9726-95B7-AE84D71CD1BE,Elit Pellentesque A Incorporated,"9202,61",2021-03-25 05:04:35
F8143C1F-CEA1-1A7C-1D3D-0FDD53957222,Mattis Cras Incorporated,"8661,97",2019-06-01 03:09:56
9DCBCBC1-336A-B836-D3AB-A78FBF71D80B,Proin Sed Foundation,"168,67",2019-08-10 19:09:49
3A56D74A-518D-F642-D634-6B37BA49AC48,Ante Corporation,"865,51",2021-11-01 20:18:26
52650C4A-CF37-A1BB-8811-C3457C5A3EAF,Penatibus Et LLC,"2820,39",2022-01-22 11:45:02
86D39873-29D6-D9F5-B9E6-825CA5F8D7BE,Gravida Praesent Eu Ltd,"908,74",2020-10-30 13:50:42
A2142B77-FC09-3363-E086-A778658201FC,Urna Consulting,"6807,56",2022-05-15 05:46:11
30433208-1425-B59A-CC22-41ED6CD8A63C,Penatibus Et Corporation,"4895,65",2021-11-26 07:40:15
BBD08C9E-6054-CDCD-6619-32C3257C73EB,Eget Volutpat Incorporated,"4028,25",2022-03-24 00:18:51
84837685-D88B-A48E-8C78-ADE8C7269479,Enim Nunc Corp.,"4223,10",2020-01-15 07:48:22
424F924B-1035-4995-9AFF-E7B6A5F2A15E,Scelerisque Neque LLC,"6106,81",2020-03-11 23:35:39
B910A050-174E-208A-797D-A8BD3BE3FE67,Arcu Eu Institute,"5374,32",2020-07-16 06:12:32
EAD48E82-792A-1BE6-1451-7E3D5334671E,Nibh Vulputate Associates,"1400,44",2022-01-23 11:59:27
35D4F1FE-2C72-DAC0-C493-78528DBE57E2,Primis In Ltd,"6934,93",2022-05-22 11:00:22
E296B691-BF15-B7DA-9DC5-065F487C66F6,Nec Eleifend Incorporated,"9299,72",2021-12-19 00:06:51
71C7D4FE-29E3-A722-A3CE-D9A9511AE847,Vel LLC,"5807,96",2020-03-29 09:03:43
7FD9DBAA-E16E-C1B7-4428-4C98DEEA684C,Erat Etiam Ltd,"5814,16",2019-11-30 19:13:37
3492C330-54D0-47B2-2A2C-A2DD539B7A69,Aliquet Phasellus Incorporated,"1101,10",2021-07-13 07:11:12
58FC3C1A-7A49-150C-7121-32B0C7888641,Vitae Aliquam LLC,"1961,34",2021-05-09 07:39:26
B09DB15D-64A2-D502-3125-B644CD8983D7,Mollis Lectus PC,"9926,65",2020-02-05 10:13:11
D294E170-1194-2484-552A-69FA8B383BFE,Luctus Ut Pellentesque Foundation,"2785,05",2020-04-11 20:12:30
D2512CD1-ECC2-A2EE-35A8-4BE22E77A15E,Ipsum Foundation,"2560,83",2019-12-28 23:20:01
BF618B3E-AD41-642B-E90D-CA56CE7B3889,Etiam Bibendum Fermentum PC,"7738,56",2021-02-01 19:56:10
EA50C63D-E5CB-831D-36D6-664813E83308,Id Company,"7009,47",2019-08-14 11:09:35
74A7E0EC-CA83-5A8F-4758-18318841D76A,Elit Curabitur Limited,"4016,04",2019-12-15 09:46:01
49D4164A-EA93-F213-A979-73E435AAD89F,Metus Facilisis Consulting,"9579,17",2021-11-09 15:56:55
C327B9D6-9D75-47B7-8F1C-9492FBC378C0,Lacus Company,"547,58",2021-11-23 19:30:42
98645077-3EB1-954C-6BB5-EE55F82BE1D7,Lorem Ipsum Institute,"5070,72",2021-08-07 00:29:58
E641A3D1-9581-4C2B-2345-89550B51664D,Urna Justo Consulting,"4677,42",2022-07-31 05:20:47
E8956D47-72BD-EE45-E56D-D7D4771DDA42,Natoque LLC,"2956,27",2021-07-08 06:08:23
55DA26C3-435E-25B1-51CC-103D9A3348A7,Non Arcu Corporation,"5625,77",2022-02-16 02:15:51
B9475BDE-D8FE-F713-B5D4-A17718AFF1D9,Nulla Tempor Incorporated,"3967,46",2021-08-24 23:28:30
DAD323E7-3336-86ED-5BB7-8D77D7FAB593,Cursus Non Inc.,"7324,95",2021-06-06 07:25:12
BEDCA811-3E5F-CCB0-D650-3D98E9377617,Pede Praesent Eu Associates,"2735,88",2019-11-04 08:55:05
53995174-DF47-66DC-C1D5-93DE0536946A,Id Nunc LLP,"189,52",2020-07-16 11:12:33
4FBBD45C-F7E6-A4B8-64BA-E0CEC36284EC,Eu Institute,"9707,37",2021-04-17 11:55:24
3276FCEC-3277-694B-C8C7-31642836E5D1,Neque Vitae Incorporated,"6887,64",2022-05-16 01:50:07
8C771B6C-9E9C-B22A-B2A9-90661BB3219C,Fusce Fermentum LLP,"8205,06",2019-11-01 11:34:56
B2B06DE3-D247-D281-A928-97564DA2553D,Dolor Sit Industries,"914,53",2021-12-30 18:01:25
500B0B29-8120-476C-D2C6-BB14449FEE0C,Varius Ultrices Mauris Incorporated,"1461,11",2019-07-05 10:44:28
384B953E-9513-B07A-85EB-D35F7A7286DC,Vehicula LLC,"6598,58",2020-02-29 22:09:57
EA083A6D-A666-6719-2D2E-44E343366FCC,Adipiscing Lacus Industries,"2329,58",2021-12-14 21:56:55
0599DDA1-D1DE-3B9E-725F-B4FA667F53E1,Vel Vulputate Eu Ltd,"3549,89",2019-12-21 22:59:51
D7C2DFDE-E1CD-A96B-9DA1-3C6A84698B3D,Nunc Lectus LLC,"1514,02",2022-10-07 22:49:33
862650EC-DDA8-70A7-AC86-B146E1D6DA48,Condimentum LLC,"2260,79",2020-10-11 13:53:39
3E38C3E0-1F52-98DA-268B-22BA46E6B127,Purus Gravida Sagittis LLP,"8470,63",2022-06-12 19:19:40
ACCAB68E-3681-9E63-FD03-761765640B1C,At Risus Nunc PC,"7136,85",2020-12-28 20:39:22
942C7DA3-4475-4E5D-536D-841ECA8A382C,In Faucibus LLP,"2364,40",2022-12-25 19:08:25
248BC01D-E541-779B-A1E9-9CB247B89943,Dolor Sit Amet Corp.,"5746,61",2020-02-10 17:39:33
7D4CD2AD-C4AB-037B-D3A3-78BE60F9EE94,Et Ultrices PC,"7623,86",2020-11-29 01:51:09
6B421488-28C2-437D-E5D1-EBE3E847C66A,Metus Vitae Velit Institute,"481,84",2020-09-14 08:36:48
B78231D9-BE69-CDA6-5BCA-726874B25387,Nunc Lectus Pede Institute,"8287,89",2019-08-25 14:11:04
DA5F29E5-81C2-2322-BBA0-5BE8D8F1916D,Iaculis Aliquet Diam LLP,"5861,68",2022-11-07 20:34:53
4A54AC16-740E-3CDA-EED8-DE2681AB1BC5,Ac Foundation,"9806,84",2019-04-10 13:15:34
AEA38970-6918-31C3-2DDB-CFD99678BC46,Vestibulum Accumsan Limited,"8713,94",2020-06-16 23:03:33
45FD6C71-B287-8712-71C5-55AA9AAB0C8C,Dui Suspendisse Limited,"1761,58",2022-02-26 13:11:50
D6E341E2-6745-1674-DC66-685EF06A6418,Dui Nec Foundation,"5203,96",2020-09-10 11:31:45
7D15F778-4538-4826-7532-C84D89CC1C97,Nisi Sem Inc.,"8869,87",2020-12-12 08:17:16
C4BFE52C-A797-5212-1697-F68101DEA4C5,Mauris Incorporated,"278,21",2021-10-17 17:55:52
8EABA379-ED72-2C9E-1CD7-99EA51876EF5,Purus In Limited,"4190,39",2019-05-25 13:39:24
E6190582-24DE-C71F-ED65-3BE49BACA631,Feugiat Industries,"6116,84",2019-05-07 21:52:06
954A46F9-5F18-ED1A-78A6-C139BE39DA86,Convallis Corporation,"7128,51",2021-05-13 00:56:23
9531157A-286B-38CA-B726-772D44D58955,Sociis Natoque Institute,"7269,87",2019-11-15 17:37:49
5218A356-ADE0-3E93-4A27-D66625EAFECD,Quam Consulting,"2744,79",2022-07-21 09:29:41
341E7B17-5E2D-1C46-5E73-87463B72A73B,Sit Ltd,"1019,46",2019-05-25 08:33:16
98F18C0D-1BAA-94AB-15E4-9607A3B6EBFB,Ornare Placerat Orci Ltd,"4251,87",2021-08-11 08:55:45
C41BDCCE-B91C-7BED-EB70-7A7C9D2A4A97,Ut Sagittis LLP,"9020,35",2022-09-12 08:54:20
35083263-D33E-0817-33A8-358B5537267E,Aliquam Adipiscing Inc.,"6658,88",2022-06-29 10:37:06
D2E175A2-2E57-1492-EA55-7A3E0CEE6CE2,Semper Nam LLC,"2017,73",2020-11-28 08:23:51
537C4A9D-AA69-361B-F8D0-7361FBB7643C,Euismod Enim Etiam Associates,"2055,67",2020-07-31 22:55:33
E7364F33-41A0-3784-D355-4BF05284AB9E,Orci Ut LLC,"5574,39",2021-07-19 18:01:03
D4D51BBF-25D5-2B66-1E19-42FA176792E7,Ipsum Non Incorporated,"2773,38",2021-12-25 23:07:13
DBC75955-E9B4-A1AF-0993-61764D3BF0EB,Purus Company,"1284,89",2022-07-03 20:48:49
B78C4C2D-0968-C3EA-B41A-53C297E5153D,Quam Elementum At Industries,"6930,26",2021-07-02 08:00:30
13D362C7-190D-A2A1-6A9C-DBAB7C691CE3,Est Mollis Ltd,"7638,96",2019-11-17 08:54:10
23D3FEB2-C676-0DA9-6B74-3139C9A29A4C,Ac Mattis Ornare Foundation,"1651,91",2023-01-14 15:55:00
955EB8B7-4B79-8457-746D-F13129334C9A,Montes Nascetur LLP,"1337,39",2020-05-03 03:55:37
B3F19544-21D7-7946-889A-25782EF3E7A2,Velit Industries,"3824,59",2020-01-29 22:52:10
31C36E85-B307-B499-7968-E69474E3D10B,Nulla In PC,"1857,36",2020-03-10 22:56:24
65B1E1B1-D658-B79E-DCCD-A6BC45DE9778,Pellentesque Eget PC,"2414,28",2019-07-17 05:20:49
B73EB987-AD60-69CD-6849-816128D54AC1,Conubia Nostra Per Incorporated,"3522,71",2019-12-17 20:52:30
955E830F-79AD-9B6F-1E3F-17682905A647,Montes Nascetur Inc.,"398,12",2022-05-26 11:04:29
31D152B7-FCED-48D9-D3A8-97F806723D5C,Pretium Et LLC,"5224,03",2020-09-09 20:36:33
62C46664-B4C8-E3AC-E5E5-E748DB9D4897,Et Magnis Consulting,"7710,47",2020-06-27 19:56:22
9331435D-8AC0-4786-79D5-B4003C02BD08,Egestas Nunc Industries,"1642,18",2022-06-28 01:44:35
2CC61AB2-24E0-7D51-DB84-B5F85D8197D8,Aliquam Gravida Institute,"6790,42",2020-12-13 17:04:43
45E1DA6C-9CFE-A4BE-1280-D587689FE253,Erat Vitae Limited,"8794,31",2021-10-03 21:50:49
4422719A-AD5C-238D-CD24-1660FBE60690,Hendrerit Donec Corporation,"3672,37",2021-05-26 19:01:30
3DE4F5F4-D41E-A7A1-9185-68E288C5EA75,Non Associates,"3588,90",2019-08-28 17:22:35
731BC16D-3E08-6CD9-72DA-B715154C223E,Sit Amet Consectetuer Limited,"5601,17",2022-08-31 14:26:16
724E48CC-D84F-6931-3943-ABD25EEE887C,Mauris Non Incorporated,"6755,68",2022-02-03 09:40:48
A8CECFAE-BA79-C764-CEB2-B22259789F63,Suspendisse Sagittis Inc.,"7764,53",2020-04-14 20:59:35
8B8B2141-35D7-6B0D-82CD-B23183D133A7,Rhoncus Donec Est Incorporated,"146,67",2022-02-19 14:47:38
75476F38-182B-28C9-957B-B4B90AED0648,Neque Tellus Associates,"3547,36",2020-12-28 11:31:56
4E2B8F5C-48D7-9909-6EEA-9C35B0C262BC,Vestibulum Massa Ltd,"1590,88",2021-12-08 04:53:37
5DDA3EDD-E54F-4652-7080-4C4DEB6BED17,Bibendum Sed Est Ltd,"3797,06",2021-10-19 18:16:16
7E5B5E7B-7539-6CDA-5B44-48C05BB0C3CC,Proin Eget Odio Corp.,"7040,15",2019-08-18 03:14:42
45C1DEA1-5198-8481-D14E-82C2128CC0D7,Hendrerit A Corp.,"4414,55",2020-10-17 13:33:45
5D7B09FE-1513-2301-E9B5-3A29869AE389,Lectus Associates,"5893,46",2021-05-06 00:02:11
487925F4-8137-7308-6783-16B9A4FAFD52,Sed Ltd,"3258,50",2022-01-02 12:35:40
E86CC365-3E45-DB01-E076-0472C23BDE92,Sit Foundation,"7804,89",2020-09-24 18:08:32
4E84553C-95C5-177B-121D-485CF6E3B328,Lorem Tristique Aliquet Industries,"4452,45",2020-09-18 00:29:27
C827C43B-9F87-5AA8-CC2A-27B4DB56946A,Ante Consulting,"5551,06",2022-09-24 16:33:49
D96B66FD-2782-3573-3E23-AABA3BEC2469,Vulputate Nisi Incorporated,"7832,11",2021-04-03 11:00:28
D32552CC-9EBC-5A5A-0AF6-339DADFD1679,Urna Nec Industries,"5227,30",2019-03-22 04:44:00
F97C9B7A-1931-DA5A-A91F-2928B67DA5CD,Magna Foundation,"7299,15",2022-01-24 01:11:34
3DCF86A3-C734-A5E2-1D98-86637BA77BB8,Odio Semper Corp.,"6743,49",2020-01-08 04:24:14
FDC2FEB2-42F1-C466-49A6-5F3729C124DC,Velit Foundation,"5456,63",2019-04-15 23:50:52
13575D0D-27CA-A238-1D7B-39EDD89AB94B,Etiam Imperdiet Ltd,"1672,00",2023-01-14 05:44:30
B4D73AC3-E6FB-9750-59F3-B6B534D7DEC3,Varius Orci LLP,"6340,65",2021-05-29 04:23:53
D34B1E3F-C63D-AC57-838B-78FE25699F70,Aliquet Proin Incorporated,"1343,72",2022-04-21 18:15:29
77EE41D2-D9CD-24DB-1E4E-65B3EAD54D12,Montes Nascetur Incorporated,"8774,85",2019-04-27 06:17:23
38AF212D-54C4-97DE-399A-C46401AF4AE6,Mi Ac Corp.,"2692,48",2020-04-25 15:30:44
80AB91E5-6953-ABE1-DCB8-57A8315E6A9E,A Malesuada Id Limited,"5296,84",2023-01-13 07:35:31
CE409ADC-DF8A-EBD0-D295-4EF50FAD25BC,At Corp.,"4273,94",2019-05-15 14:16:06
3CD4EF86-9D3D-5A66-E55B-7884143A3E35,Mollis Lectus Consulting,"1237,36",2021-02-09 19:41:28
42737424-92BA-6B45-F9DA-918846B23610,Viverra Donec Tempus Company,"5283,11",2020-05-30 10:02:22
CD58DD4B-5D52-0D6E-E0DB-577A469719D1,Augue Eu Tempor PC,"1481,57",2020-03-03 12:05:29
215CA994-E60D-6256-21D8-DCD84BFD75AD,A Neque Incorporated,"1505,19",2019-08-09 03:10:22
A91771F4-9B4D-42C3-0D63-C27CA671D7AD,Metus Sit Industries,"6893,73",2019-03-14 17:10:06
98806146-3697-3DD4-C103-EDF0494C7652,Nulla Facilisi Sed Ltd,"1040,24",2022-06-19 21:12:04
F793CCCF-DD26-6E5A-825D-E583979F2EC7,Augue Eu Industries,"8908,90",2022-06-04 19:06:51
8EA0720B-0154-2274-AA54-5D41775D6583,Imperdiet Corp.,"942,05",2021-10-12 12:52:27
ABB9A074-3C7A-6A06-7295-E275869BFEC6,Cursus Et Eros Associates,"5269,78",2020-12-17 23:50:06
D95808EE-B1A3-4E96-9889-4B585CA3EB87,Maecenas LLP,"5694,01",2019-06-30 23:08:35
EEFDCECD-B264-7986-E036-4CFB9B78AB22,Lacinia Foundation,"3750,36",2021-07-20 10:05:11
87E45E85-B3ED-C82A-722A-C1C889EB3477,Iaculis Nec Eleifend Inc.,"1937,57",2021-09-08 07:43:59
234EDB15-46A3-8649-8B7C-87DDA7F483D7,Nostra Per Industries,"3519,09",2020-04-13 06:40:27
0AC5B28E-1191-0ADC-BEA8-27A60D28C11C,Orci Inc.,"1243,14",2021-03-05 00:58:53
9FE4769B-5333-C594-779D-5576D9ABDEC1,Euismod Corp.,"6252,29",2019-11-19 19:54:38
82E675D4-D5DA-CAC8-DD46-ADC1282FDC62,Elit Pellentesque Corp.,"716,59",2019-11-13 00:55:39
C26B7D63-8935-989C-339A-356A9E5A24CC,Quis Massa Mauris LLP,"215,68",2022-09-15 23:59:13
4EDFB871-3F26-8E63-9585-9DDD6BA17894,Dolor Quam Foundation,"2876,42",2020-03-30 04:24:21
6639A3D2-51ED-9CCB-3EBA-1FC5C8136530,Penatibus Et LLC,"5197,65",2022-07-20 12:12:53
9A646A1B-4CBF-568B-17A0-617399E18E51,Ullamcorper Viverra Corp.,"957,38",2022-07-13 19:21:56
1091C220-6EFC-24FB-A2B1-5394B0B85DF4,Aliquet Diam Sed Corp.,"6183,27",2020-10-05 15:01:48
